-- phpMyAdmin SQL Dump
-- version 4.7.0
-- https://www.phpmyadmin.net/
--
-- Host: 127.0.0.1
-- Generation Time: Sep 05, 2017 at 08:18 PM
-- Server version: 10.1.25-MariaDB
-- PHP Version: 5.6.31

SET SQL_MODE = "NO_AUTO_VALUE_ON_ZERO";
SET AUTOCOMMIT = 0;
START TRANSACTION;
SET time_zone = "+00:00";


/*!40101 SET @OLD_CHARACTER_SET_CLIENT=@@CHARACTER_SET_CLIENT */;
/*!40101 SET @OLD_CHARACTER_SET_RESULTS=@@CHARACTER_SET_RESULTS */;
/*!40101 SET @OLD_COLLATION_CONNECTION=@@COLLATION_CONNECTION */;
/*!40101 SET NAMES utf8mb4 */;

--
-- Database: `shopping`
--

-- --------------------------------------------------------

--
-- Table structure for table `admin`
--

CREATE TABLE `admin` (
  `id` int(11) NOT NULL,
  `username` varchar(255) NOT NULL,
  `password` varchar(255) NOT NULL,
  `creationDate` timestamp NOT NULL DEFAULT CURRENT_TIMESTAMP,
  `updationDate` varchar(255) NOT NULL
) ENGINE=InnoDB DEFAULT CHARSET=latin1;

--
-- Dumping data for table `admin`
--

INSERT INTO `admin` (`id`, `username`, `password`, `creationDate`, `updationDate`) VALUES
(1, 'admin', '21232f297a57a5a743894a0e4a801fc3', '2017-01-24 16:21:18', '31-08-2017 03:22:04 PM');

-- --------------------------------------------------------

--
-- Table structure for table `category`
--

CREATE TABLE `category` (
  `id` int(11) NOT NULL,
  `categoryName` varchar(255) NOT NULL,
  `categoryDescription` longtext NOT NULL,
  `creationDate` timestamp NOT NULL DEFAULT CURRENT_TIMESTAMP,
  `updationDate` varchar(255) NOT NULL
) ENGINE=InnoDB DEFAULT CHARSET=latin1;

--
-- Dumping data for table `category`
--

INSERT INTO `category` (`id`, `categoryName`, `categoryDescription`, `creationDate`, `updationDate`) VALUES
(7, 'Riding Gear', 'Products related to riding gear for bikers', '2017-09-05 12:00:56', ''),
(8, 'Bike Accessories', 'Accessories related to bikes', '2017-09-05 16:47:22', ''),
(9, 'Car Electronics', 'Audio related products', '2017-09-05 17:36:54', '05-09-2017 11:16:45 PM');

-- --------------------------------------------------------

--
-- Table structure for table `orders`
--

CREATE TABLE `orders` (
  `id` int(11) NOT NULL,
  `userId` int(11) NOT NULL,
  `productId` varchar(255) NOT NULL,
  `quantity` int(11) NOT NULL,
  `orderDate` timestamp NOT NULL DEFAULT CURRENT_TIMESTAMP,
  `paymentMethod` varchar(50) DEFAULT NULL,
  `orderStatus` varchar(55) DEFAULT NULL
) ENGINE=InnoDB DEFAULT CHARSET=latin1;

--
-- Dumping data for table `orders`
--

INSERT INTO `orders` (`id`, `userId`, `productId`, `quantity`, `orderDate`, `paymentMethod`, `orderStatus`) VALUES
(1, 4, '21', 1, '2017-09-05 18:02:18', 'COD', NULL),
(2, 4, '23', 1, '2017-09-05 18:02:19', 'COD', NULL),
(3, 4, '33', 1, '2017-09-05 18:02:19', 'COD', NULL),
(4, 4, '21', 1, '2017-09-05 18:03:08', 'COD', NULL),
(5, 4, '23', 1, '2017-09-05 18:03:08', 'COD', NULL),
(6, 4, '33', 1, '2017-09-05 18:03:08', 'COD', NULL),
(7, 5, '33', 1, '2017-09-05 18:14:05', 'Debit / Credit card', NULL);

-- --------------------------------------------------------

--
-- Table structure for table `ordertrackhistory`
--

CREATE TABLE `ordertrackhistory` (
  `id` int(11) NOT NULL,
  `orderId` int(11) NOT NULL,
  `status` varchar(255) NOT NULL,
  `remark` mediumtext NOT NULL,
  `postingDate` timestamp NOT NULL DEFAULT CURRENT_TIMESTAMP
) ENGINE=InnoDB DEFAULT CHARSET=latin1;

--
-- Dumping data for table `ordertrackhistory`
--

INSERT INTO `ordertrackhistory` (`id`, `orderId`, `status`, `remark`, `postingDate`) VALUES
(1, 3, 'in Process', 'Order has been Shipped.', '2017-03-10 19:36:45'),
(2, 1, 'Delivered', 'Order Has been delivered', '2017-03-10 19:37:31'),
(3, 3, 'Delivered', 'Product delivered successfully', '2017-03-10 19:43:04'),
(4, 4, 'in Process', 'Product ready for Shipping', '2017-03-10 19:50:36');

-- --------------------------------------------------------

--
-- Table structure for table `productreviews`
--

CREATE TABLE `productreviews` (
  `id` int(11) NOT NULL,
  `productId` int(11) NOT NULL,
  `quality` int(11) NOT NULL,
  `price` int(11) NOT NULL,
  `value` int(11) NOT NULL,
  `name` varchar(255) NOT NULL,
  `summary` varchar(255) NOT NULL,
  `review` longtext NOT NULL,
  `reviewDate` timestamp NOT NULL DEFAULT CURRENT_TIMESTAMP
) ENGINE=InnoDB DEFAULT CHARSET=latin1;

--
-- Dumping data for table `productreviews`
--

INSERT INTO `productreviews` (`id`, `productId`, `quality`, `price`, `value`, `name`, `summary`, `review`, `reviewDate`) VALUES
(2, 3, 4, 5, 5, 'Anuj Kumar', 'BEST PRODUCT FOR ME :)', 'BEST PRODUCT FOR ME :)', '2017-02-26 20:43:57'),
(3, 3, 3, 4, 3, 'Sarita pandey', 'Nice Product', 'Value for money', '2017-02-26 20:52:46'),
(4, 3, 3, 4, 3, 'Sarita pandey', 'Nice Product', 'Value for money', '2017-02-26 20:59:19');

-- --------------------------------------------------------

--
-- Table structure for table `products`
--

CREATE TABLE `products` (
  `id` int(11) NOT NULL,
  `category` int(11) NOT NULL,
  `subCategory` int(11) NOT NULL,
  `productName` varchar(255) NOT NULL,
  `productCompany` varchar(255) NOT NULL,
  `productPrice` int(11) NOT NULL,
  `productPriceBeforeDiscount` int(11) NOT NULL,
  `productDescription` longtext NOT NULL,
  `productImage1` varchar(255) NOT NULL,
  `productImage2` varchar(255) NOT NULL,
  `productImage3` varchar(255) NOT NULL,
  `shippingCharge` int(11) NOT NULL,
  `productAvailability` varchar(255) NOT NULL,
  `postingDate` timestamp NOT NULL DEFAULT CURRENT_TIMESTAMP,
  `updationDate` varchar(255) NOT NULL
) ENGINE=InnoDB DEFAULT CHARSET=latin1;

--
-- Dumping data for table `products`
--

INSERT INTO `products` (`id`, `category`, `subCategory`, `productName`, `productCompany`, `productPrice`, `productPriceBeforeDiscount`, `productDescription`, `productImage1`, `productImage2`, `productImage3`, `shippingCharge`, `productAvailability`, `postingDate`, `updationDate`) VALUES
(21, 7, 13, 'Autofy', 'Autofy', 900, 1000, '<table style=\"box-sizing: border-box; margin-bottom: 0px !important; border-collapse: collapse; width: 719px; table-layout: fixed; color: rgb(51, 51, 51); font-family: Arial; font-size: 12px; font-style: normal; font-variant-ligatures: normal; font-variant-caps: normal; font-weight: normal; letter-spacing: normal; orphans: 2; text-align: start; text-indent: 0px; text-transform: none; white-space: normal; widows: 2; word-spacing: 0px; -webkit-text-stroke-width: 0px; background-color: rgb(255, 255, 255); text-decoration-style: initial; text-decoration-color: initial;\" cellspacing=\"0\" cellpadding=\"0\" border=\"0\"><tbody style=\"box-sizing: border-box;\"><tr style=\"box-sizing: border-box;\"><td class=\"label\" style=\"box-sizing: border-box; vertical-align: top; padding: 3px 1px 3px 10px; color: rgb(102, 102, 102); font-family: Arial; font-size: 12px; border-top: 1px dotted rgb(204, 204, 204); line-height: 18px; background-color: rgb(245, 245, 245); width: 251px;\">Brand</td><td class=\"value\" style=\"box-sizing: border-box; vertical-align: top; padding: 3px 1px 3px 10px; color: rgb(51, 51, 51); font-family: Arial; font-size: 12px; border-top: 1px dotted rgb(204, 204, 204); line-height: 18px;\">Autofy</td></tr><tr style=\"box-sizing: border-box;\"><td class=\"label\" style=\"box-sizing: border-box; vertical-align: top; padding: 3px 1px 3px 10px; color: rgb(102, 102, 102); font-family: Arial; font-size: 12px; border-top: 1px dotted rgb(204, 204, 204); line-height: 18px; background-color: rgb(245, 245, 245); width: 251px;\">Model</td><td class=\"value\" style=\"box-sizing: border-box; vertical-align: top; padding: 3px 1px 3px 10px; color: rgb(51, 51, 51); font-family: Arial; font-size: 12px; border-top: 1px dotted rgb(204, 204, 204); line-height: 18px;\">Habsolite Ecco</td></tr><tr class=\"size-weight\" style=\"box-sizing: border-box;\"><td class=\"label\" style=\"box-sizing: border-box; vertical-align: top; padding: 3px 1px 3px 10px; color: rgb(102, 102, 102); font-family: Arial; font-size: 12px; border-top: 1px dotted rgb(204, 204, 204); line-height: 18px; background-color: rgb(245, 245, 245); width: 251px;\">Item Weight</td><td class=\"value\" style=\"box-sizing: border-box; vertical-align: top; padding: 3px 1px 3px 10px; color: rgb(51, 51, 51); font-family: Arial; font-size: 12px; border-top: 1px dotted rgb(204, 204, 204); line-height: 18px;\">599 g</td></tr><tr class=\"size-weight\" style=\"box-sizing: border-box;\"><td class=\"label\" style=\"box-sizing: border-box; vertical-align: top; padding: 3px 1px 3px 10px; color: rgb(102, 102, 102); font-family: Arial; font-size: 12px; border-top: 1px dotted rgb(204, 204, 204); line-height: 18px; background-color: rgb(245, 245, 245); width: 251px;\">Product Dimensions</td><td class=\"value\" style=\"box-sizing: border-box; vertical-align: top; padding: 3px 1px 3px 10px; color: rgb(51, 51, 51); font-family: Arial; font-size: 12px; border-top: 1px dotted rgb(204, 204, 204); line-height: 18px;\">20 x 20 x 20 cm</td></tr><tr class=\"item-model-number\" style=\"box-sizing: border-box;\"><td class=\"label\" style=\"box-sizing: border-box; vertical-align: top; padding: 3px 1px 3px 10px; color: rgb(102, 102, 102); font-family: Arial; font-size: 12px; border-top: 1px dotted rgb(204, 204, 204); line-height: 18px; background-color: rgb(245, 245, 245); width: 251px;\">Item model number</td><td class=\"value\" style=\"box-sizing: border-box; vertical-align: top; padding: 3px 1px 3px 10px; color: rgb(51, 51, 51); font-family: Arial; font-size: 12px; border-top: 1px dotted rgb(204, 204, 204); line-height: 18px;\">HELMET0008</td></tr><tr style=\"box-sizing: border-box;\"><td class=\"label\" style=\"box-sizing: border-box; vertical-align: top; padding: 3px 1px 3px 10px; color: rgb(102, 102, 102); font-family: Arial; font-size: 12px; border-top: 1px dotted rgb(204, 204, 204); line-height: 18px; background-color: rgb(245, 245, 245); width: 251px;\">Manufacturer Part Number</td><td class=\"value\" style=\"box-sizing: border-box; vertical-align: top; padding: 3px 1px 3px 10px; color: rgb(51, 51, 51); font-family: Arial; font-size: 12px; border-top: 1px dotted rgb(204, 204, 204); line-height: 18px;\">VKAMHELMET0008</td></tr><tr style=\"box-sizing: border-box;\"><td class=\"label\" style=\"box-sizing: border-box; vertical-align: top; padding: 3px 1px 3px 10px; color: rgb(102, 102, 102); font-family: Arial; font-size: 12px; border-top: 1px dotted rgb(204, 204, 204); line-height: 18px; background-color: rgb(245, 245, 245); width: 251px;\">Size</td><td class=\"value\" style=\"box-sizing: border-box; vertical-align: top; padding: 3px 1px 3px 10px; color: rgb(51, 51, 51); font-family: Arial; font-size: 12px; border-top: 1px dotted rgb(204, 204, 204); line-height: 18px;\">M</td></tr><tr style=\"box-sizing: border-box;\"><td class=\"label\" style=\"box-sizing: border-box; vertical-align: top; padding: 3px 1px 3px 10px; color: rgb(102, 102, 102); font-family: Arial; font-size: 12px; border-top: 1px dotted rgb(204, 204, 204); line-height: 18px; background-color: rgb(245, 245, 245); width: 251px;\">Colour</td><td class=\"value\" style=\"box-sizing: border-box; vertical-align: top; padding: 3px 1px 3px 10px; color: rgb(51, 51, 51); font-family: Arial; font-size: 12px; border-top: 1px dotted rgb(204, 204, 204); line-height: 18px;\">Multi</td></tr><tr style=\"box-sizing: border-box;\"><td class=\"label\" style=\"box-sizing: border-box; vertical-align: top; padding: 3px 1px 3px 10px; color: rgb(102, 102, 102); font-family: Arial; font-size: 12px; border-top: 1px dotted rgb(204, 204, 204); line-height: 18px; background-color: rgb(245, 245, 245); width: 251px;\">Assembly Required</td><td class=\"value\" style=\"box-sizing: border-box; vertical-align: top; padding: 3px 1px 3px 10px; color: rgb(51, 51, 51); font-family: Arial; font-size: 12px; border-top: 1px dotted rgb(204, 204, 204); line-height: 18px;\">No</td></tr><tr style=\"box-sizing: border-box;\"><td class=\"label\" style=\"box-sizing: border-box; vertical-align: top; padding: 3px 1px 3px 10px; color: rgb(102, 102, 102); font-family: Arial; font-size: 12px; border-top: 1px dotted rgb(204, 204, 204); line-height: 18px; background-color: rgb(245, 245, 245); width: 251px;\">Included</td><td class=\"value\" style=\"box-sizing: border-box; vertical-align: top; padding: 3px 1px 3px 10px; color: rgb(51, 51, 51); font-family: Arial; font-size: 12px; border-top: 1px dotted rgb(204, 204, 204); line-height: 18px;\">1 Helmet and 1 Helmet Peak</td></tr><tr style=\"box-sizing: border-box;\"><td class=\"label\" style=\"box-sizing: border-box; vertical-align: top; padding: 3px 1px 3px 10px; color: rgb(102, 102, 102); font-family: Arial; font-size: 12px; border-top: 1px dotted rgb(204, 204, 204); line-height: 18px; background-color: rgb(245, 245, 245); width: 251px;\">Item Weight</td><td class=\"value\" style=\"box-sizing: border-box; vertical-align: top; padding: 3px 1px 3px 10px; color: rgb(51, 51, 51); font-family: Arial; font-size: 12px; border-top: 1px dotted rgb(204, 204, 204); line-height: 18px;\">600 Grams</td></tr></tbody></table>', 'autofy1.jpg', 'autofy2.jpg', 'autofy3.jpg', 50, 'In Stock', '2017-09-05 12:04:48', ''),
(22, 7, 13, 'Studds', 'Studds', 1150, 1200, '<ul style=\"box-sizing: border-box; margin: 0px; padding: 0px; color: rgb(33, 33, 33); font-family: Roboto, Arial, sans-serif; font-size: 14px; font-style: normal; font-variant-ligatures: normal; font-variant-caps: normal; font-weight: normal; letter-spacing: normal; orphans: 2; text-align: start; text-indent: 0px; text-transform: none; white-space: normal; widows: 2; word-spacing: 0px; -webkit-text-stroke-width: 0px; background-color: rgb(255, 255, 255); text-decoration-style: initial; text-decoration-color: initial;\"><li class=\"_1KuY3T row\" style=\"box-sizing: border-box; margin: 0px; padding: 0px 0px 16px; list-style: none; width: 748px; display: flex; flex-flow: row wrap;\"><div class=\"vmXPri col col-3-12\" style=\"box-sizing: border-box; margin: 0px; padding: 0px 8px 0px 0px; display: inline-block; vertical-align: top; width: 187px; color: rgb(135, 135, 135);\">Type</div><ul class=\"_3dG3ix col col-9-12\" style=\"box-sizing: border-box; margin: 0px; padding: 0px; display: inline-block; vertical-align: top; width: 561px; line-height: 1.4; color: rgb(33, 33, 33);\"><li class=\"sNqDog\" style=\"box-sizing: border-box; margin: 0px; padding: 0px; list-style: none;\">Full Face</li></ul></li><li class=\"_1KuY3T row\" style=\"box-sizing: border-box; margin: 0px; padding: 0px 0px 16px; list-style: none; width: 748px; display: flex; flex-flow: row wrap;\"><div class=\"vmXPri col col-3-12\" style=\"box-sizing: border-box; margin: 0px; padding: 0px 8px 0px 0px; display: inline-block; vertical-align: top; width: 187px; color: rgb(135, 135, 135);\">Series</div><ul class=\"_3dG3ix col col-9-12\" style=\"box-sizing: border-box; margin: 0px; padding: 0px; display: inline-block; vertical-align: top; width: 561px; line-height: 1.4; color: rgb(33, 33, 33);\"><li class=\"sNqDog\" style=\"box-sizing: border-box; margin: 0px; padding: 0px; list-style: none;\">Motocross</li></ul></li><li class=\"_1KuY3T row\" style=\"box-sizing: border-box; margin: 0px; padding: 0px 0px 16px; list-style: none; width: 748px; display: flex; flex-flow: row wrap;\"><div class=\"vmXPri col col-3-12\" style=\"box-sizing: border-box; margin: 0px; padding: 0px 8px 0px 0px; display: inline-block; vertical-align: top; width: 187px; color: rgb(135, 135, 135);\">Sport Type</div><ul class=\"_3dG3ix col col-9-12\" style=\"box-sizing: border-box; margin: 0px; padding: 0px; display: inline-block; vertical-align: top; width: 561px; line-height: 1.4; color: rgb(33, 33, 33);\"><li class=\"sNqDog\" style=\"box-sizing: border-box; margin: 0px; padding: 0px; list-style: none;\">Motorsports</li></ul></li><li class=\"_1KuY3T row\" style=\"box-sizing: border-box; margin: 0px; padding: 0px 0px 16px; list-style: none; width: 748px; display: flex; flex-flow: row wrap;\"><div class=\"vmXPri col col-3-12\" style=\"box-sizing: border-box; margin: 0px; padding: 0px 8px 0px 0px; display: inline-block; vertical-align: top; width: 187px; color: rgb(135, 135, 135);\">Ideal For</div><ul class=\"_3dG3ix col col-9-12\" style=\"box-sizing: border-box; margin: 0px; padding: 0px; display: inline-block; vertical-align: top; width: 561px; line-height: 1.4; color: rgb(33, 33, 33);\"><li class=\"sNqDog\" style=\"box-sizing: border-box; margin: 0px; padding: 0px; list-style: none;\">Men, Boys</li></ul></li><li class=\"_1KuY3T row\" style=\"box-sizing: border-box; margin: 0px; padding: 0px 0px 16px; list-style: none; width: 748px; display: flex; flex-flow: row wrap;\"><div class=\"vmXPri col col-3-12\" style=\"box-sizing: border-box; margin: 0px; padding: 0px 8px 0px 0px; display: inline-block; vertical-align: top; width: 187px; color: rgb(135, 135, 135);\">Inner Shell</div><ul class=\"_3dG3ix col col-9-12\" style=\"box-sizing: border-box; margin: 0px; padding: 0px; display: inline-block; vertical-align: top; width: 561px; line-height: 1.4; color: rgb(33, 33, 33);\"><li class=\"sNqDog\" style=\"box-sizing: border-box; margin: 0px; padding: 0px; list-style: none;\">EPS Padding</li></ul></li><li class=\"_1KuY3T row\" style=\"box-sizing: border-box; margin: 0px; padding: 0px 0px 16px; list-style: none; width: 748px; display: flex; flex-flow: row wrap;\"><div class=\"vmXPri col col-3-12\" style=\"box-sizing: border-box; margin: 0px; padding: 0px 8px 0px 0px; display: inline-block; vertical-align: top; width: 187px; color: rgb(135, 135, 135);\">Outer Shell</div><ul class=\"_3dG3ix col col-9-12\" style=\"box-sizing: border-box; margin: 0px; padding: 0px; display: inline-block; vertical-align: top; width: 561px; line-height: 1.4; color: rgb(33, 33, 33);\"><li class=\"sNqDog\" style=\"box-sizing: border-box; margin: 0px; padding: 0px; list-style: none;\">Thermoplastic, Polyurethane</li></ul></li><li class=\"_1KuY3T row\" style=\"box-sizing: border-box; margin: 0px; padding: 0px 0px 16px; list-style: none; width: 748px; display: flex; flex-flow: row wrap;\"><div class=\"vmXPri col col-3-12\" style=\"box-sizing: border-box; margin: 0px; padding: 0px 8px 0px 0px; display: inline-block; vertical-align: top; width: 187px; color: rgb(135, 135, 135);\">Straps</div><ul class=\"_3dG3ix col col-9-12\" style=\"box-sizing: border-box; margin: 0px; padding: 0px; display: inline-block; vertical-align: top; width: 561px; line-height: 1.4; color: rgb(33, 33, 33);\"><li class=\"sNqDog\" style=\"box-sizing: border-box; margin: 0px; padding: 0px; list-style: none;\">Yes</li></ul></li><li class=\"_1KuY3T row\" style=\"box-sizing: border-box; margin: 0px; padding: 0px 0px 16px; list-style: none; width: 748px; display: flex; flex-flow: row wrap;\"><div class=\"vmXPri col col-3-12\" style=\"box-sizing: border-box; margin: 0px; padding: 0px 8px 0px 0px; display: inline-block; vertical-align: top; width: 187px; color: rgb(135, 135, 135);\">Adjustments</div><ul class=\"_3dG3ix col col-9-12\" style=\"box-sizing: border-box; margin: 0px; padding: 0px; display: inline-block; vertical-align: top; width: 561px; line-height: 1.4; color: rgb(33, 33, 33);\"><li class=\"sNqDog\" style=\"box-sizing: border-box; margin: 0px; padding: 0px; list-style: none;\">Chinstrap Mechanism</li></ul></li><li class=\"_1KuY3T row\" style=\"box-sizing: border-box; margin: 0px; padding: 0px 0px 16px; list-style: none; width: 748px; display: flex; flex-flow: row wrap;\"><div class=\"vmXPri col col-3-12\" style=\"box-sizing: border-box; margin: 0px; padding: 0px 8px 0px 0px; display: inline-block; vertical-align: top; width: 187px; color: rgb(135, 135, 135);\">Ventilation Type</div><ul class=\"_3dG3ix col col-9-12\" style=\"box-sizing: border-box; margin: 0px; padding: 0px; display: inline-block; vertical-align: top; width: 561px; line-height: 1.4; color: rgb(33, 33, 33);\"><li class=\"sNqDog\" style=\"box-sizing: border-box; margin: 0px; padding: 0px; list-style: none;\">Dynamic Ventilation</li></ul></li><li class=\"_1KuY3T row\" style=\"box-sizing: border-box; margin: 0px; padding: 0px; list-style: none; width: 748px; display: flex; flex-flow: row wrap;\"><div class=\"vmXPri col col-3-12\" style=\"box-sizing: border-box; margin: 0px; padding: 0px 8px 0px 0px; display: inline-block; vertical-align: top; width: 187px; color: rgb(135, 135, 135);\">Color</div><ul class=\"_3dG3ix col col-9-12\" style=\"box-sizing: border-box; margin: 0px; padding: 0px; display: inline-block; vertical-align: top; width: 561px; line-height: 1.4; color: rgb(33, 33, 33);\"><li class=\"sNqDog\" style=\"box-sizing: border-box; margin: 0px; padding: 0px; list-style: none;\">MATT BLACK</li></ul></li></ul>', 'studds1.jpg', 'studds2.jpg', 'studds3.jpg', 50, 'In Stock', '2017-09-05 12:15:26', ''),
(23, 7, 14, '[New Release] GoPro HERO5 Black ', 'GoPro', 29850, 30850, '<table style=\"box-sizing: border-box; margin-bottom: 0px !important; border-collapse: collapse; width: 719px; table-layout: fixed; color: rgb(51, 51, 51); font-family: Arial; font-size: 12px; font-style: normal; font-variant-ligatures: normal; font-variant-caps: normal; font-weight: normal; letter-spacing: normal; orphans: 2; text-align: start; text-indent: 0px; text-transform: none; white-space: normal; widows: 2; word-spacing: 0px; -webkit-text-stroke-width: 0px; background-color: rgb(255, 255, 255); text-decoration-style: initial; text-decoration-color: initial;\" cellspacing=\"0\" cellpadding=\"0\" border=\"0\"><tbody style=\"box-sizing: border-box;\"><tr style=\"box-sizing: border-box;\"><td class=\"label\" style=\"box-sizing: border-box; vertical-align: top; padding: 3px 1px 3px 10px; color: rgb(102, 102, 102); font-family: Arial; font-size: 12px; border-top: 1px dotted rgb(204, 204, 204); line-height: 18px; background-color: rgb(245, 245, 245); width: 251px;\">Brand</td><td class=\"value\" style=\"box-sizing: border-box; vertical-align: top; padding: 3px 1px 3px 10px; color: rgb(51, 51, 51); font-family: Arial; font-size: 12px; border-top: 1px dotted rgb(204, 204, 204); line-height: 18px;\">GoPro</td></tr><tr style=\"box-sizing: border-box;\"><td class=\"label\" style=\"box-sizing: border-box; vertical-align: top; padding: 3px 1px 3px 10px; color: rgb(102, 102, 102); font-family: Arial; font-size: 12px; border-top: 1px dotted rgb(204, 204, 204); line-height: 18px; background-color: rgb(245, 245, 245); width: 251px;\">Model</td><td class=\"value\" style=\"box-sizing: border-box; vertical-align: top; padding: 3px 1px 3px 10px; color: rgb(51, 51, 51); font-family: Arial; font-size: 12px; border-top: 1px dotted rgb(204, 204, 204); line-height: 18px;\">CHDHX-502</td></tr><tr style=\"box-sizing: border-box;\"><td class=\"label\" style=\"box-sizing: border-box; vertical-align: top; padding: 3px 1px 3px 10px; color: rgb(102, 102, 102); font-family: Arial; font-size: 12px; border-top: 1px dotted rgb(204, 204, 204); line-height: 18px; background-color: rgb(245, 245, 245); width: 251px;\">Model Year</td><td class=\"value\" style=\"box-sizing: border-box; vertical-align: top; padding: 3px 1px 3px 10px; color: rgb(51, 51, 51); font-family: Arial; font-size: 12px; border-top: 1px dotted rgb(204, 204, 204); line-height: 18px;\">2016</td></tr><tr class=\"size-weight\" style=\"box-sizing: border-box;\"><td class=\"label\" style=\"box-sizing: border-box; vertical-align: top; padding: 3px 1px 3px 10px; color: rgb(102, 102, 102); font-family: Arial; font-size: 12px; border-top: 1px dotted rgb(204, 204, 204); line-height: 18px; background-color: rgb(245, 245, 245); width: 251px;\">Item Weight</td><td class=\"value\" style=\"box-sizing: border-box; vertical-align: top; padding: 3px 1px 3px 10px; color: rgb(51, 51, 51); font-family: Arial; font-size: 12px; border-top: 1px dotted rgb(204, 204, 204); line-height: 18px;\">118 g</td></tr><tr class=\"size-weight\" style=\"box-sizing: border-box;\"><td class=\"label\" style=\"box-sizing: border-box; vertical-align: top; padding: 3px 1px 3px 10px; color: rgb(102, 102, 102); font-family: Arial; font-size: 12px; border-top: 1px dotted rgb(204, 204, 204); line-height: 18px; background-color: rgb(245, 245, 245); width: 251px;\">Product Dimensions</td><td class=\"value\" style=\"box-sizing: border-box; vertical-align: top; padding: 3px 1px 3px 10px; color: rgb(51, 51, 51); font-family: Arial; font-size: 12px; border-top: 1px dotted rgb(204, 204, 204); line-height: 18px;\">4.4 x 6.2 x 3.2 cm</td></tr><tr class=\"batteries\" style=\"box-sizing: border-box;\"><td class=\"label\" style=\"box-sizing: border-box; vertical-align: top; padding: 3px 1px 3px 10px; color: rgb(102, 102, 102); font-family: Arial; font-size: 12px; border-top: 1px dotted rgb(204, 204, 204); line-height: 18px; background-color: rgb(245, 245, 245); width: 251px;\">Batteries:</td><td class=\"value\" style=\"box-sizing: border-box; vertical-align: top; padding: 3px 1px 3px 10px; color: rgb(51, 51, 51); font-family: Arial; font-size: 12px; border-top: 1px dotted rgb(204, 204, 204); line-height: 18px;\">1 Lithium ion batteries required. (included)</td></tr><tr class=\"item-model-number\" style=\"box-sizing: border-box;\"><td class=\"label\" style=\"box-sizing: border-box; vertical-align: top; padding: 3px 1px 3px 10px; color: rgb(102, 102, 102); font-family: Arial; font-size: 12px; border-top: 1px dotted rgb(204, 204, 204); line-height: 18px; background-color: rgb(245, 245, 245); width: 251px;\">Item model number</td><td class=\"value\" style=\"box-sizing: border-box; vertical-align: top; padding: 3px 1px 3px 10px; color: rgb(51, 51, 51); font-family: Arial; font-size: 12px; border-top: 1px dotted rgb(204, 204, 204); line-height: 18px;\">CHDHX-502</td></tr><tr style=\"box-sizing: border-box;\"><td class=\"label\" style=\"box-sizing: border-box; vertical-align: top; padding: 3px 1px 3px 10px; color: rgb(102, 102, 102); font-family: Arial; font-size: 12px; border-top: 1px dotted rgb(204, 204, 204); line-height: 18px; background-color: rgb(245, 245, 245); width: 251px;\">Memory Storage Capacity</td><td class=\"value\" style=\"box-sizing: border-box; vertical-align: top; padding: 3px 1px 3px 10px; color: rgb(51, 51, 51); font-family: Arial; font-size: 12px; border-top: 1px dotted rgb(204, 204, 204); line-height: 18px;\">1 MB</td></tr><tr style=\"box-sizing: border-box;\"><td class=\"label\" style=\"box-sizing: border-box; vertical-align: top; padding: 3px 1px 3px 10px; color: rgb(102, 102, 102); font-family: Arial; font-size: 12px; border-top: 1px dotted rgb(204, 204, 204); line-height: 18px; background-color: rgb(245, 245, 245); width: 251px;\">Digital Storage Capacity</td><td class=\"value\" style=\"box-sizing: border-box; vertical-align: top; padding: 3px 1px 3px 10px; color: rgb(51, 51, 51); font-family: Arial; font-size: 12px; border-top: 1px dotted rgb(204, 204, 204); line-height: 18px;\">1 MB</td></tr><tr style=\"box-sizing: border-box;\"><td class=\"label\" style=\"box-sizing: border-box; vertical-align: top; padding: 3px 1px 3px 10px; color: rgb(102, 102, 102); font-family: Arial; font-size: 12px; border-top: 1px dotted rgb(204, 204, 204); line-height: 18px; background-color: rgb(245, 245, 245); width: 251px;\">Hardware Interface</td><td class=\"value\" style=\"box-sizing: border-box; vertical-align: top; padding: 3px 1px 3px 10px; color: rgb(51, 51, 51); font-family: Arial; font-size: 12px; border-top: 1px dotted rgb(204, 204, 204); line-height: 18px;\">USB</td></tr><tr style=\"box-sizing: border-box;\"><td class=\"label\" style=\"box-sizing: border-box; vertical-align: top; padding: 3px 1px 3px 10px; color: rgb(102, 102, 102); font-family: Arial; font-size: 12px; border-top: 1px dotted rgb(204, 204, 204); line-height: 18px; background-color: rgb(245, 245, 245); width: 251px;\">Screen Size</td><td class=\"value\" style=\"box-sizing: border-box; vertical-align: top; padding: 3px 1px 3px 10px; color: rgb(51, 51, 51); font-family: Arial; font-size: 12px; border-top: 1px dotted rgb(204, 204, 204); line-height: 18px;\">2 Inches</td></tr><tr style=\"box-sizing: border-box;\"><td class=\"label\" style=\"box-sizing: border-box; vertical-align: top; padding: 3px 1px 3px 10px; color: rgb(102, 102, 102); font-family: Arial; font-size: 12px; border-top: 1px dotted rgb(204, 204, 204); line-height: 18px; background-color: rgb(245, 245, 245); width: 251px;\">Colour Screen</td><td class=\"value\" style=\"box-sizing: border-box; vertical-align: top; padding: 3px 1px 3px 10px; color: rgb(51, 51, 51); font-family: Arial; font-size: 12px; border-top: 1px dotted rgb(204, 204, 204); line-height: 18px;\">No</td></tr><tr style=\"box-sizing: border-box;\"><td class=\"label\" style=\"box-sizing: border-box; vertical-align: top; padding: 3px 1px 3px 10px; color: rgb(102, 102, 102); font-family: Arial; font-size: 12px; border-top: 1px dotted rgb(204, 204, 204); line-height: 18px; background-color: rgb(245, 245, 245); width: 251px;\">Has Image Stabilization</td><td class=\"value\" style=\"box-sizing: border-box; vertical-align: top; padding: 3px 1px 3px 10px; color: rgb(51, 51, 51); font-family: Arial; font-size: 12px; border-top: 1px dotted rgb(204, 204, 204); line-height: 18px;\">Yes</td></tr><tr style=\"box-sizing: border-box;\"><td class=\"label\" style=\"box-sizing: border-box; vertical-align: top; padding: 3px 1px 3px 10px; color: rgb(102, 102, 102); font-family: Arial; font-size: 12px; border-top: 1px dotted rgb(204, 204, 204); line-height: 18px; background-color: rgb(245, 245, 245); width: 251px;\">Optical Zoom</td><td class=\"value\" style=\"box-sizing: border-box; vertical-align: top; padding: 3px 1px 3px 10px; color: rgb(51, 51, 51); font-family: Arial; font-size: 12px; border-top: 1px dotted rgb(204, 204, 204); line-height: 18px;\">30 X</td></tr><tr style=\"box-sizing: border-box;\"><td class=\"label\" style=\"box-sizing: border-box; vertical-align: top; padding: 3px 1px 3px 10px; color: rgb(102, 102, 102); font-family: Arial; font-size: 12px; border-top: 1px dotted rgb(204, 204, 204); line-height: 18px; background-color: rgb(245, 245, 245); width: 251px;\">Digital Zoom</td><td class=\"value\" style=\"box-sizing: border-box; vertical-align: top; padding: 3px 1px 3px 10px; color: rgb(51, 51, 51); font-family: Arial; font-size: 12px; border-top: 1px dotted rgb(204, 204, 204); line-height: 18px;\">1 X</td></tr><tr style=\"box-sizing: border-box;\"><td class=\"label\" style=\"box-sizing: border-box; vertical-align: top; padding: 3px 1px 3px 10px; color: rgb(102, 102, 102); font-family: Arial; font-size: 12px; border-top: 1px dotted rgb(204, 204, 204); line-height: 18px; background-color: rgb(245, 245, 245); width: 251px;\">Aspect Ratio</td><td class=\"value\" style=\"box-sizing: border-box; vertical-align: top; padding: 3px 1px 3px 10px; color: rgb(51, 51, 51); font-family: Arial; font-size: 12px; border-top: 1px dotted rgb(204, 204, 204); line-height: 18px;\">4:3</td></tr><tr style=\"box-sizing: border-box;\"><td class=\"label\" style=\"box-sizing: border-box; vertical-align: top; padding: 3px 1px 3px 10px; color: rgb(102, 102, 102); font-family: Arial; font-size: 12px; border-top: 1px dotted rgb(204, 204, 204); line-height: 18px; background-color: rgb(245, 245, 245); width: 251px;\">Max Resolution</td><td class=\"value\" style=\"box-sizing: border-box; vertical-align: top; padding: 3px 1px 3px 10px; color: rgb(51, 51, 51); font-family: Arial; font-size: 12px; border-top: 1px dotted rgb(204, 204, 204); line-height: 18px;\">12 Megapixels</td></tr><tr style=\"box-sizing: border-box;\"><td class=\"label\" style=\"box-sizing: border-box; vertical-align: top; padding: 3px 1px 3px 10px; color: rgb(102, 102, 102); font-family: Arial; font-size: 12px; border-top: 1px dotted rgb(204, 204, 204); line-height: 18px; background-color: rgb(245, 245, 245); width: 251px;\">Max Vertical Resolution</td><td class=\"value\" style=\"box-sizing: border-box; vertical-align: top; padding: 3px 1px 3px 10px; color: rgb(51, 51, 51); font-family: Arial; font-size: 12px; border-top: 1px dotted rgb(204, 204, 204); line-height: 18px;\">1 Pixels</td></tr><tr style=\"box-sizing: border-box;\"><td class=\"label\" style=\"box-sizing: border-box; vertical-align: top; padding: 3px 1px 3px 10px; color: rgb(102, 102, 102); font-family: Arial; font-size: 12px; border-top: 1px dotted rgb(204, 204, 204); line-height: 18px; background-color: rgb(245, 245, 245); width: 251px;\">Min Aperture</td><td class=\"value\" style=\"box-sizing: border-box; vertical-align: top; padding: 3px 1px 3px 10px; color: rgb(51, 51, 51); font-family: Arial; font-size: 12px; border-top: 1px dotted rgb(204, 204, 204); line-height: 18px;\">1 Millimeters</td></tr><tr style=\"box-sizing: border-box;\"><td class=\"label\" style=\"box-sizing: border-box; vertical-align: top; padding: 3px 1px 3px 10px; color: rgb(102, 102, 102); font-family: Arial; font-size: 12px; border-top: 1px dotted rgb(204, 204, 204); line-height: 18px; background-color: rgb(245, 245, 245); width: 251px;\">Min Focal Length</td><td class=\"value\" style=\"box-sizing: border-box; vertical-align: top; padding: 3px 1px 3px 10px; color: rgb(51, 51, 51); font-family: Arial; font-size: 12px; border-top: 1px dotted rgb(204, 204, 204); line-height: 18px;\">1 Millimeters</td></tr><tr style=\"box-sizing: border-box;\"><td class=\"label\" style=\"box-sizing: border-box; vertical-align: top; padding: 3px 1px 3px 10px; color: rgb(102, 102, 102); font-family: Arial; font-size: 12px; border-top: 1px dotted rgb(204, 204, 204); line-height: 18px; background-color: rgb(245, 245, 245); width: 251px;\">Batteries Included</td><td class=\"value\" style=\"box-sizing: border-box; vertical-align: top; padding: 3px 1px 3px 10px; color: rgb(51, 51, 51); font-family: Arial; font-size: 12px; border-top: 1px dotted rgb(204, 204, 204); line-height: 18px;\">Yes</td></tr><tr style=\"box-sizing: border-box;\"><td class=\"label\" style=\"box-sizing: border-box; vertical-align: top; padding: 3px 1px 3px 10px; color: rgb(102, 102, 102); font-family: Arial; font-size: 12px; border-top: 1px dotted rgb(204, 204, 204); line-height: 18px; background-color: rgb(245, 245, 245); width: 251px;\">Batteries Required</td><td class=\"value\" style=\"box-sizing: border-box; vertical-align: top; padding: 3px 1px 3px 10px; color: rgb(51, 51, 51); font-family: Arial; font-size: 12px; border-top: 1px dotted rgb(204, 204, 204); line-height: 18px;\">Yes</td></tr><tr style=\"box-sizing: border-box;\"><td class=\"label\" style=\"box-sizing: border-box; vertical-align: top; padding: 3px 1px 3px 10px; color: rgb(102, 102, 102); font-family: Arial; font-size: 12px; border-top: 1px dotted rgb(204, 204, 204); line-height: 18px; background-color: rgb(245, 245, 245); width: 251px;\">Real Angle Of View</td><td class=\"value\" style=\"box-sizing: border-box; vertical-align: top; padding: 3px 1px 3px 10px; color: rgb(51, 51, 51); font-family: Arial; font-size: 12px; border-top: 1px dotted rgb(204, 204, 204); line-height: 18px;\">1 Degrees</td></tr><tr style=\"box-sizing: border-box;\"><td class=\"label\" style=\"box-sizing: border-box; vertical-align: top; padding: 3px 1px 3px 10px; color: rgb(102, 102, 102); font-family: Arial; font-size: 12px; border-top: 1px dotted rgb(204, 204, 204); line-height: 18px; background-color: rgb(245, 245, 245); width: 251px;\">Contains Liquid Contents</td><td class=\"value\" style=\"box-sizing: border-box; vertical-align: top; padding: 3px 1px 3px 10px; color: rgb(51, 51, 51); font-family: Arial; font-size: 12px; border-top: 1px dotted rgb(204, 204, 204); line-height: 18px;\">No</td></tr><tr style=\"box-sizing: border-box;\"><td class=\"label\" style=\"box-sizing: border-box; vertical-align: top; padding: 3px 1px 3px 10px; color: rgb(102, 102, 102); font-family: Arial; font-size: 12px; border-top: 1px dotted rgb(204, 204, 204); line-height: 18px; background-color: rgb(245, 245, 245); width: 251px;\">Includes Rechargable Battery</td><td class=\"value\" style=\"box-sizing: border-box; vertical-align: top; padding: 3px 1px 3px 10px; color: rgb(51, 51, 51); font-family: Arial; font-size: 12px; border-top: 1px dotted rgb(204, 204, 204); line-height: 18px;\">No</td></tr><tr style=\"box-sizing: border-box;\"><td class=\"label\" style=\"box-sizing: border-box; vertical-align: top; padding: 3px 1px 3px 10px; color: rgb(102, 102, 102); font-family: Arial; font-size: 12px; border-top: 1px dotted rgb(204, 204, 204); line-height: 18px; background-color: rgb(245, 245, 245); width: 251px;\">Has Self Timer</td><td class=\"value\" style=\"box-sizing: border-box; vertical-align: top; padding: 3px 1px 3px 10px; color: rgb(51, 51, 51); font-family: Arial; font-size: 12px; border-top: 1px dotted rgb(204, 204, 204); line-height: 18px;\">Yes</td></tr><tr style=\"box-sizing: border-box;\"><td class=\"label\" style=\"box-sizing: border-box; vertical-align: top; padding: 3px 1px 3px 10px; color: rgb(102, 102, 102); font-family: Arial; font-size: 12px; border-top: 1px dotted rgb(204, 204, 204); line-height: 18px; background-color: rgb(245, 245, 245); width: 251px;\">Includes AC Adapter</td><td class=\"value\" style=\"box-sizing: border-box; vertical-align: top; padding: 3px 1px 3px 10px; color: rgb(51, 51, 51); font-family: Arial; font-size: 12px; border-top: 1px dotted rgb(204, 204, 204); line-height: 18px;\">No</td></tr><tr style=\"box-sizing: border-box;\"><td class=\"label\" style=\"box-sizing: border-box; vertical-align: top; padding: 3px 1px 3px 10px; color: rgb(102, 102, 102); font-family: Arial; font-size: 12px; border-top: 1px dotted rgb(204, 204, 204); line-height: 18px; background-color: rgb(245, 245, 245); width: 251px;\">Includes Remote</td><td class=\"value\" style=\"box-sizing: border-box; vertical-align: top; padding: 3px 1px 3px 10px; color: rgb(51, 51, 51); font-family: Arial; font-size: 12px; border-top: 1px dotted rgb(204, 204, 204); line-height: 18px;\">No</td></tr><tr style=\"box-sizing: border-box;\"><td class=\"label\" style=\"box-sizing: border-box; vertical-align: top; padding: 3px 1px 3px 10px; color: rgb(102, 102, 102); font-family: Arial; font-size: 12px; border-top: 1px dotted rgb(204, 204, 204); line-height: 18px; background-color: rgb(245, 245, 245); width: 251px;\">Includes External Memory</td><td class=\"value\" style=\"box-sizing: border-box; vertical-align: top; padding: 3px 1px 3px 10px; color: rgb(51, 51, 51); font-family: Arial; font-size: 12px; border-top: 1px dotted rgb(204, 204, 204); line-height: 18px;\">No</td></tr><tr style=\"box-sizing: border-box;\"><td class=\"label\" style=\"box-sizing: border-box; vertical-align: top; padding: 3px 1px 3px 10px; color: rgb(102, 102, 102); font-family: Arial; font-size: 12px; border-top: 1px dotted rgb(204, 204, 204); line-height: 18px; background-color: rgb(245, 245, 245); width: 251px;\">Supports Bluetooth Technology</td><td class=\"value\" style=\"box-sizing: border-box; vertical-align: top; padding: 3px 1px 3px 10px; color: rgb(51, 51, 51); font-family: Arial; font-size: 12px; border-top: 1px dotted rgb(204, 204, 204); line-height: 18px;\">Yes</td></tr></tbody></table>', 'gopro 5.jpg', 'gopro 51.jpg', 'gopro 52.jpg', 100, 'In Stock', '2017-09-05 15:26:35', '');
INSERT INTO `products` (`id`, `category`, `subCategory`, `productName`, `productCompany`, `productPrice`, `productPriceBeforeDiscount`, `productDescription`, `productImage1`, `productImage2`, `productImage3`, `shippingCharge`, `productAvailability`, `postingDate`, `updationDate`) VALUES
(24, 7, 14, 'GoPro Hero 4 Adventure Edition (Black) Action Camera', 'GoPro', 39999, 40999, '<table style=\"box-sizing: border-box; margin-bottom: 0px !important; border-collapse: collapse; width: 719px; table-layout: fixed; color: rgb(51, 51, 51); font-family: Arial; font-size: 12px; font-style: normal; font-variant-ligatures: normal; font-variant-caps: normal; font-weight: normal; letter-spacing: normal; orphans: 2; text-align: start; text-indent: 0px; text-transform: none; white-space: normal; widows: 2; word-spacing: 0px; -webkit-text-stroke-width: 0px; background-color: rgb(255, 255, 255); text-decoration-style: initial; text-decoration-color: initial;\" cellspacing=\"0\" cellpadding=\"0\" border=\"0\"><tbody style=\"box-sizing: border-box;\"><tr style=\"box-sizing: border-box;\"><td class=\"label\" style=\"box-sizing: border-box; vertical-align: top; padding: 3px 1px 3px 10px; color: rgb(102, 102, 102); font-family: Arial; font-size: 12px; border-top: 1px dotted rgb(204, 204, 204); line-height: 18px; background-color: rgb(245, 245, 245); width: 251px;\">Brand</td><td class=\"value\" style=\"box-sizing: border-box; vertical-align: top; padding: 3px 1px 3px 10px; color: rgb(51, 51, 51); font-family: Arial; font-size: 12px; border-top: 1px dotted rgb(204, 204, 204); line-height: 18px;\">GoPro</td></tr><tr style=\"box-sizing: border-box;\"><td class=\"label\" style=\"box-sizing: border-box; vertical-align: top; padding: 3px 1px 3px 10px; color: rgb(102, 102, 102); font-family: Arial; font-size: 12px; border-top: 1px dotted rgb(204, 204, 204); line-height: 18px; background-color: rgb(245, 245, 245); width: 251px;\">Model</td><td class=\"value\" style=\"box-sizing: border-box; vertical-align: top; padding: 3px 1px 3px 10px; color: rgb(51, 51, 51); font-family: Arial; font-size: 12px; border-top: 1px dotted rgb(204, 204, 204); line-height: 18px;\">CHDHX-401-EU</td></tr><tr style=\"box-sizing: border-box;\"><td class=\"label\" style=\"box-sizing: border-box; vertical-align: top; padding: 3px 1px 3px 10px; color: rgb(102, 102, 102); font-family: Arial; font-size: 12px; border-top: 1px dotted rgb(204, 204, 204); line-height: 18px; background-color: rgb(245, 245, 245); width: 251px;\">Model Name</td><td class=\"value\" style=\"box-sizing: border-box; vertical-align: top; padding: 3px 1px 3px 10px; color: rgb(51, 51, 51); font-family: Arial; font-size: 12px; border-top: 1px dotted rgb(204, 204, 204); line-height: 18px;\">CHDHX-401-EU</td></tr><tr style=\"box-sizing: border-box;\"><td class=\"label\" style=\"box-sizing: border-box; vertical-align: top; padding: 3px 1px 3px 10px; color: rgb(102, 102, 102); font-family: Arial; font-size: 12px; border-top: 1px dotted rgb(204, 204, 204); line-height: 18px; background-color: rgb(245, 245, 245); width: 251px;\">Model Year</td><td class=\"value\" style=\"box-sizing: border-box; vertical-align: top; padding: 3px 1px 3px 10px; color: rgb(51, 51, 51); font-family: Arial; font-size: 12px; border-top: 1px dotted rgb(204, 204, 204); line-height: 18px;\">2014</td></tr><tr class=\"size-weight\" style=\"box-sizing: border-box;\"><td class=\"label\" style=\"box-sizing: border-box; vertical-align: top; padding: 3px 1px 3px 10px; color: rgb(102, 102, 102); font-family: Arial; font-size: 12px; border-top: 1px dotted rgb(204, 204, 204); line-height: 18px; background-color: rgb(245, 245, 245); width: 251px;\">Item Weight</td><td class=\"value\" style=\"box-sizing: border-box; vertical-align: top; padding: 3px 1px 3px 10px; color: rgb(51, 51, 51); font-family: Arial; font-size: 12px; border-top: 1px dotted rgb(204, 204, 204); line-height: 18px;\">649 g</td></tr><tr class=\"size-weight\" style=\"box-sizing: border-box;\"><td class=\"label\" style=\"box-sizing: border-box; vertical-align: top; padding: 3px 1px 3px 10px; color: rgb(102, 102, 102); font-family: Arial; font-size: 12px; border-top: 1px dotted rgb(204, 204, 204); line-height: 18px; background-color: rgb(245, 245, 245); width: 251px;\">Product Dimensions</td><td class=\"value\" style=\"box-sizing: border-box; vertical-align: top; padding: 3px 1px 3px 10px; color: rgb(51, 51, 51); font-family: Arial; font-size: 12px; border-top: 1px dotted rgb(204, 204, 204); line-height: 18px;\">10.2 x 25.4 x 62.2 cm</td></tr><tr class=\"batteries\" style=\"box-sizing: border-box;\"><td class=\"label\" style=\"box-sizing: border-box; vertical-align: top; padding: 3px 1px 3px 10px; color: rgb(102, 102, 102); font-family: Arial; font-size: 12px; border-top: 1px dotted rgb(204, 204, 204); line-height: 18px; background-color: rgb(245, 245, 245); width: 251px;\">Batteries:</td><td class=\"value\" style=\"box-sizing: border-box; vertical-align: top; padding: 3px 1px 3px 10px; color: rgb(51, 51, 51); font-family: Arial; font-size: 12px; border-top: 1px dotted rgb(204, 204, 204); line-height: 18px;\">1 Lithium ion batteries required. (included)</td></tr><tr class=\"item-model-number\" style=\"box-sizing: border-box;\"><td class=\"label\" style=\"box-sizing: border-box; vertical-align: top; padding: 3px 1px 3px 10px; color: rgb(102, 102, 102); font-family: Arial; font-size: 12px; border-top: 1px dotted rgb(204, 204, 204); line-height: 18px; background-color: rgb(245, 245, 245); width: 251px;\">Item model number</td><td class=\"value\" style=\"box-sizing: border-box; vertical-align: top; padding: 3px 1px 3px 10px; color: rgb(51, 51, 51); font-family: Arial; font-size: 12px; border-top: 1px dotted rgb(204, 204, 204); line-height: 18px;\">CHDHX-401-EU</td></tr><tr style=\"box-sizing: border-box;\"><td class=\"label\" style=\"box-sizing: border-box; vertical-align: top; padding: 3px 1px 3px 10px; color: rgb(102, 102, 102); font-family: Arial; font-size: 12px; border-top: 1px dotted rgb(204, 204, 204); line-height: 18px; background-color: rgb(245, 245, 245); width: 251px;\">Additional Features</td><td class=\"value\" style=\"box-sizing: border-box; vertical-align: top; padding: 3px 1px 3px 10px; color: rgb(51, 51, 51); font-family: Arial; font-size: 12px; border-top: 1px dotted rgb(204, 204, 204); line-height: 18px;\">12 megapixels, 4k30 fps video, control view share</td></tr><tr style=\"box-sizing: border-box;\"><td class=\"label\" style=\"box-sizing: border-box; vertical-align: top; padding: 3px 1px 3px 10px; color: rgb(102, 102, 102); font-family: Arial; font-size: 12px; border-top: 1px dotted rgb(204, 204, 204); line-height: 18px; background-color: rgb(245, 245, 245); width: 251px;\">Included Components</td><td class=\"value\" style=\"box-sizing: border-box; vertical-align: top; padding: 3px 1px 3px 10px; color: rgb(51, 51, 51); font-family: Arial; font-size: 12px; border-top: 1px dotted rgb(204, 204, 204); line-height: 18px;\">Hero4 camera, standard housing, rechargeable battery, curved and flat adhesive mounts, 3-way pivot arm, quick release buckles, usb cables, skeleton back dorr</td></tr><tr style=\"box-sizing: border-box;\"><td class=\"label\" style=\"box-sizing: border-box; vertical-align: top; padding: 3px 1px 3px 10px; color: rgb(102, 102, 102); font-family: Arial; font-size: 12px; border-top: 1px dotted rgb(204, 204, 204); line-height: 18px; background-color: rgb(245, 245, 245); width: 251px;\">Number Of Items</td><td class=\"value\" style=\"box-sizing: border-box; vertical-align: top; padding: 3px 1px 3px 10px; color: rgb(51, 51, 51); font-family: Arial; font-size: 12px; border-top: 1px dotted rgb(204, 204, 204); line-height: 18px;\">8</td></tr><tr style=\"box-sizing: border-box;\"><td class=\"label\" style=\"box-sizing: border-box; vertical-align: top; padding: 3px 1px 3px 10px; color: rgb(102, 102, 102); font-family: Arial; font-size: 12px; border-top: 1px dotted rgb(204, 204, 204); line-height: 18px; background-color: rgb(245, 245, 245); width: 251px;\">Image Stabilization</td><td class=\"value\" style=\"box-sizing: border-box; vertical-align: top; padding: 3px 1px 3px 10px; color: rgb(51, 51, 51); font-family: Arial; font-size: 12px; border-top: 1px dotted rgb(204, 204, 204); line-height: 18px;\">Yes</td></tr><tr style=\"box-sizing: border-box;\"><td class=\"label\" style=\"box-sizing: border-box; vertical-align: top; padding: 3px 1px 3px 10px; color: rgb(102, 102, 102); font-family: Arial; font-size: 12px; border-top: 1px dotted rgb(204, 204, 204); line-height: 18px; background-color: rgb(245, 245, 245); width: 251px;\">Has Image Stabilization</td><td class=\"value\" style=\"box-sizing: border-box; vertical-align: top; padding: 3px 1px 3px 10px; color: rgb(51, 51, 51); font-family: Arial; font-size: 12px; border-top: 1px dotted rgb(204, 204, 204); line-height: 18px;\">No</td></tr><tr style=\"box-sizing: border-box;\"><td class=\"label\" style=\"box-sizing: border-box; vertical-align: top; padding: 3px 1px 3px 10px; color: rgb(102, 102, 102); font-family: Arial; font-size: 12px; border-top: 1px dotted rgb(204, 204, 204); line-height: 18px; background-color: rgb(245, 245, 245); width: 251px;\">Digital Zoom</td><td class=\"value\" style=\"box-sizing: border-box; vertical-align: top; padding: 3px 1px 3px 10px; color: rgb(51, 51, 51); font-family: Arial; font-size: 12px; border-top: 1px dotted rgb(204, 204, 204); line-height: 18px;\">12</td></tr><tr style=\"box-sizing: border-box;\"><td class=\"label\" style=\"box-sizing: border-box; vertical-align: top; padding: 3px 1px 3px 10px; color: rgb(102, 102, 102); font-family: Arial; font-size: 12px; border-top: 1px dotted rgb(204, 204, 204); line-height: 18px; background-color: rgb(245, 245, 245); width: 251px;\">Aspect Ratio</td><td class=\"value\" style=\"box-sizing: border-box; vertical-align: top; padding: 3px 1px 3px 10px; color: rgb(51, 51, 51); font-family: Arial; font-size: 12px; border-top: 1px dotted rgb(204, 204, 204); line-height: 18px;\">4:3, 16:9</td></tr><tr style=\"box-sizing: border-box;\"><td class=\"label\" style=\"box-sizing: border-box; vertical-align: top; padding: 3px 1px 3px 10px; color: rgb(102, 102, 102); font-family: Arial; font-size: 12px; border-top: 1px dotted rgb(204, 204, 204); line-height: 18px; background-color: rgb(245, 245, 245); width: 251px;\">Max Resolution</td><td class=\"value\" style=\"box-sizing: border-box; vertical-align: top; padding: 3px 1px 3px 10px; color: rgb(51, 51, 51); font-family: Arial; font-size: 12px; border-top: 1px dotted rgb(204, 204, 204); line-height: 18px;\">12 Megapixels</td></tr><tr style=\"box-sizing: border-box;\"><td class=\"label\" style=\"box-sizing: border-box; vertical-align: top; padding: 3px 1px 3px 10px; color: rgb(102, 102, 102); font-family: Arial; font-size: 12px; border-top: 1px dotted rgb(204, 204, 204); line-height: 18px; background-color: rgb(245, 245, 245); width: 251px;\">Horizontal Resolution</td><td class=\"value\" style=\"box-sizing: border-box; vertical-align: top; padding: 3px 1px 3px 10px; color: rgb(51, 51, 51); font-family: Arial; font-size: 12px; border-top: 1px dotted rgb(204, 204, 204); line-height: 18px;\">4000 Pixels</td></tr><tr style=\"box-sizing: border-box;\"><td class=\"label\" style=\"box-sizing: border-box; vertical-align: top; padding: 3px 1px 3px 10px; color: rgb(102, 102, 102); font-family: Arial; font-size: 12px; border-top: 1px dotted rgb(204, 204, 204); line-height: 18px; background-color: rgb(245, 245, 245); width: 251px;\">Optical Sensor Resolution</td><td class=\"value\" style=\"box-sizing: border-box; vertical-align: top; padding: 3px 1px 3px 10px; color: rgb(51, 51, 51); font-family: Arial; font-size: 12px; border-top: 1px dotted rgb(204, 204, 204); line-height: 18px;\">12 Megapixels</td></tr><tr style=\"box-sizing: border-box;\"><td class=\"label\" style=\"box-sizing: border-box; vertical-align: top; padding: 3px 1px 3px 10px; color: rgb(102, 102, 102); font-family: Arial; font-size: 12px; border-top: 1px dotted rgb(204, 204, 204); line-height: 18px; background-color: rgb(245, 245, 245); width: 251px;\">Max Vertical Resolution</td><td class=\"value\" style=\"box-sizing: border-box; vertical-align: top; padding: 3px 1px 3px 10px; color: rgb(51, 51, 51); font-family: Arial; font-size: 12px; border-top: 1px dotted rgb(204, 204, 204); line-height: 18px;\">3000 Pixels</td></tr><tr style=\"box-sizing: border-box;\"><td class=\"label\" style=\"box-sizing: border-box; vertical-align: top; padding: 3px 1px 3px 10px; color: rgb(102, 102, 102); font-family: Arial; font-size: 12px; border-top: 1px dotted rgb(204, 204, 204); line-height: 18px; background-color: rgb(245, 245, 245); width: 251px;\">Video Capture Resolution</td><td class=\"value\" style=\"box-sizing: border-box; vertical-align: top; padding: 3px 1px 3px 10px; color: rgb(51, 51, 51); font-family: Arial; font-size: 12px; border-top: 1px dotted rgb(204, 204, 204); line-height: 18px;\">3840 x 2160</td></tr><tr style=\"box-sizing: border-box;\"><td class=\"label\" style=\"box-sizing: border-box; vertical-align: top; padding: 3px 1px 3px 10px; color: rgb(102, 102, 102); font-family: Arial; font-size: 12px; border-top: 1px dotted rgb(204, 204, 204); line-height: 18px; background-color: rgb(245, 245, 245); width: 251px;\">Voltage</td><td class=\"value\" style=\"box-sizing: border-box; vertical-align: top; padding: 3px 1px 3px 10px; color: rgb(51, 51, 51); font-family: Arial; font-size: 12px; border-top: 1px dotted rgb(204, 204, 204); line-height: 18px;\">3.8 Volts</td></tr><tr style=\"box-sizing: border-box;\"><td class=\"label\" style=\"box-sizing: border-box; vertical-align: top; padding: 3px 1px 3px 10px; color: rgb(102, 102, 102); font-family: Arial; font-size: 12px; border-top: 1px dotted rgb(204, 204, 204); line-height: 18px; background-color: rgb(245, 245, 245); width: 251px;\">Batteries Included</td><td class=\"value\" style=\"box-sizing: border-box; vertical-align: top; padding: 3px 1px 3px 10px; color: rgb(51, 51, 51); font-family: Arial; font-size: 12px; border-top: 1px dotted rgb(204, 204, 204); line-height: 18px;\">Yes</td></tr><tr style=\"box-sizing: border-box;\"><td class=\"label\" style=\"box-sizing: border-box; vertical-align: top; padding: 3px 1px 3px 10px; color: rgb(102, 102, 102); font-family: Arial; font-size: 12px; border-top: 1px dotted rgb(204, 204, 204); line-height: 18px; background-color: rgb(245, 245, 245); width: 251px;\">Batteries Required</td><td class=\"value\" style=\"box-sizing: border-box; vertical-align: top; padding: 3px 1px 3px 10px; color: rgb(51, 51, 51); font-family: Arial; font-size: 12px; border-top: 1px dotted rgb(204, 204, 204); line-height: 18px;\">Yes</td></tr><tr style=\"box-sizing: border-box;\"><td class=\"label\" style=\"box-sizing: border-box; vertical-align: top; padding: 3px 1px 3px 10px; color: rgb(102, 102, 102); font-family: Arial; font-size: 12px; border-top: 1px dotted rgb(204, 204, 204); line-height: 18px; background-color: rgb(245, 245, 245); width: 251px;\">Continuous Shooting Speed</td><td class=\"value\" style=\"box-sizing: border-box; vertical-align: top; padding: 3px 1px 3px 10px; color: rgb(51, 51, 51); font-family: Arial; font-size: 12px; border-top: 1px dotted rgb(204, 204, 204); line-height: 18px;\">30.00</td></tr><tr style=\"box-sizing: border-box;\"><td class=\"label\" style=\"box-sizing: border-box; vertical-align: top; padding: 3px 1px 3px 10px; color: rgb(102, 102, 102); font-family: Arial; font-size: 12px; border-top: 1px dotted rgb(204, 204, 204); line-height: 18px; background-color: rgb(245, 245, 245); width: 251px;\">Total Usb Ports</td><td class=\"value\" style=\"box-sizing: border-box; vertical-align: top; padding: 3px 1px 3px 10px; color: rgb(51, 51, 51); font-family: Arial; font-size: 12px; border-top: 1px dotted rgb(204, 204, 204); line-height: 18px;\">1</td></tr><tr style=\"box-sizing: border-box;\"><td class=\"label\" style=\"box-sizing: border-box; vertical-align: top; padding: 3px 1px 3px 10px; color: rgb(102, 102, 102); font-family: Arial; font-size: 12px; border-top: 1px dotted rgb(204, 204, 204); line-height: 18px; background-color: rgb(245, 245, 245); width: 251px;\">Viewfinder Type</td><td class=\"value\" style=\"box-sizing: border-box; vertical-align: top; padding: 3px 1px 3px 10px; color: rgb(51, 51, 51); font-family: Arial; font-size: 12px; border-top: 1px dotted rgb(204, 204, 204); line-height: 18px;\">digital</td></tr><tr style=\"box-sizing: border-box;\"><td class=\"label\" style=\"box-sizing: border-box; vertical-align: top; padding: 3px 1px 3px 10px; color: rgb(102, 102, 102); font-family: Arial; font-size: 12px; border-top: 1px dotted rgb(204, 204, 204); line-height: 18px; background-color: rgb(245, 245, 245); width: 251px;\">Includes Rechargable Battery</td><td class=\"value\" style=\"box-sizing: border-box; vertical-align: top; padding: 3px 1px 3px 10px; color: rgb(51, 51, 51); font-family: Arial; font-size: 12px; border-top: 1px dotted rgb(204, 204, 204); line-height: 18px;\">No</td></tr><tr style=\"box-sizing: border-box;\"><td class=\"label\" style=\"box-sizing: border-box; vertical-align: top; padding: 3px 1px 3px 10px; color: rgb(102, 102, 102); font-family: Arial; font-size: 12px; border-top: 1px dotted rgb(204, 204, 204); line-height: 18px; background-color: rgb(245, 245, 245); width: 251px;\">Includes AC Adapter</td><td class=\"value\" style=\"box-sizing: border-box; vertical-align: top; padding: 3px 1px 3px 10px; color: rgb(51, 51, 51); font-family: Arial; font-size: 12px; border-top: 1px dotted rgb(204, 204, 204); line-height: 18px;\">No</td></tr><tr style=\"box-sizing: border-box;\"><td class=\"label\" style=\"box-sizing: border-box; vertical-align: top; padding: 3px 1px 3px 10px; color: rgb(102, 102, 102); font-family: Arial; font-size: 12px; border-top: 1px dotted rgb(204, 204, 204); line-height: 18px; background-color: rgb(245, 245, 245); width: 251px;\">Includes Remote</td><td class=\"value\" style=\"box-sizing: border-box; vertical-align: top; padding: 3px 1px 3px 10px; color: rgb(51, 51, 51); font-family: Arial; font-size: 12px; border-top: 1px dotted rgb(204, 204, 204); line-height: 18px;\">No</td></tr><tr style=\"box-sizing: border-box;\"><td class=\"label\" style=\"box-sizing: border-box; vertical-align: top; padding: 3px 1px 3px 10px; color: rgb(102, 102, 102); font-family: Arial; font-size: 12px; border-top: 1px dotted rgb(204, 204, 204); line-height: 18px; background-color: rgb(245, 245, 245); width: 251px;\">Includes External Memory</td><td class=\"value\" style=\"box-sizing: border-box; vertical-align: top; padding: 3px 1px 3px 10px; color: rgb(51, 51, 51); font-family: Arial; font-size: 12px; border-top: 1px dotted rgb(204, 204, 204); line-height: 18px;\">No</td></tr><tr style=\"box-sizing: border-box;\"><td class=\"label\" style=\"box-sizing: border-box; vertical-align: top; padding: 3px 1px 3px 10px; color: rgb(102, 102, 102); font-family: Arial; font-size: 12px; border-top: 1px dotted rgb(204, 204, 204); line-height: 18px; background-color: rgb(245, 245, 245); width: 251px;\">Supports Bluetooth Technology</td><td class=\"value\" style=\"box-sizing: border-box; vertical-align: top; padding: 3px 1px 3px 10px; color: rgb(51, 51, 51); font-family: Arial; font-size: 12px; border-top: 1px dotted rgb(204, 204, 204); line-height: 18px;\">Yes</td></tr><tr style=\"box-sizing: border-box;\"></tr></tbody></table><br class=\"Apple-interchange-newline\">', 'gopro 4.jpg', 'gopro 41.jpg', 'gopro 42.jpg', 100, 'In Stock', '2017-09-05 15:29:30', ''),
(25, 7, 15, 'Sangaitap Black Bike Face Mask for Men & Women ', 'Sangaitap', 350, 400, '<div class=\"_2Kp3n6\" data-reactid=\"252\" style=\"box-sizing: border-box; margin: 0px; padding: 24px 24px 34px; border-top: 1px solid rgb(240, 240, 240); font-size: 14px; color: rgb(33, 33, 33); font-family: Roboto, Arial, sans-serif; font-style: normal; font-variant-ligatures: normal; font-variant-caps: normal; font-weight: normal; letter-spacing: normal; orphans: 2; text-align: start; text-indent: 0px; text-transform: none; white-space: normal; widows: 2; word-spacing: 0px; -webkit-text-stroke-width: 0px; background-color: rgb(255, 255, 255); text-decoration-style: initial; text-decoration-color: initial;\"><div class=\"HoUsOy\" data-reactid=\"253\" style=\"box-sizing: border-box; margin: 0px; padding: 0px 0px 16px; font-size: 18px; white-space: nowrap; line-height: 1.4;\">Dimensions</div><ul data-reactid=\"254\" style=\"box-sizing: border-box; margin: 0px; padding: 0px;\"><li class=\"_1KuY3T row\" data-reactid=\"255\" style=\"box-sizing: border-box; margin: 0px; padding: 0px 0px 16px; list-style: none; width: 748px; display: flex; flex-flow: row wrap;\"><div class=\"vmXPri col col-3-12\" data-reactid=\"256\" style=\"box-sizing: border-box; margin: 0px; padding: 0px 8px 0px 0px; display: inline-block; vertical-align: top; width: 187px; color: rgb(135, 135, 135);\">Width</div><ul class=\"_3dG3ix col col-9-12\" data-reactid=\"257\" style=\"box-sizing: border-box; margin: 0px; padding: 0px; display: inline-block; vertical-align: top; width: 561px; line-height: 1.4; color: rgb(33, 33, 33);\"><li class=\"sNqDog\" data-reactid=\"258\" style=\"box-sizing: border-box; margin: 0px; padding: 0px; list-style: none;\">230 mm</li></ul></li><li class=\"_1KuY3T row\" data-reactid=\"259\" style=\"box-sizing: border-box; margin: 0px; padding: 0px 0px 16px; list-style: none; width: 748px; display: flex; flex-flow: row wrap;\"><div class=\"vmXPri col col-3-12\" data-reactid=\"260\" style=\"box-sizing: border-box; margin: 0px; padding: 0px 8px 0px 0px; display: inline-block; vertical-align: top; width: 187px; color: rgb(135, 135, 135);\">Height</div><ul class=\"_3dG3ix col col-9-12\" data-reactid=\"261\" style=\"box-sizing: border-box; margin: 0px; padding: 0px; display: inline-block; vertical-align: top; width: 561px; line-height: 1.4; color: rgb(33, 33, 33);\"><li class=\"sNqDog\" data-reactid=\"262\" style=\"box-sizing: border-box; margin: 0px; padding: 0px; list-style: none;\">140 mm</li></ul></li><li class=\"_1KuY3T row\" data-reactid=\"263\" style=\"box-sizing: border-box; margin: 0px; padding: 0px; list-style: none; width: 748px; display: flex; flex-flow: row wrap;\"><div class=\"vmXPri col col-3-12\" data-reactid=\"264\" style=\"box-sizing: border-box; margin: 0px; padding: 0px 8px 0px 0px; display: inline-block; vertical-align: top; width: 187px; color: rgb(135, 135, 135);\">Weight</div><ul class=\"_3dG3ix col col-9-12\" data-reactid=\"265\" style=\"box-sizing: border-box; margin: 0px; padding: 0px; display: inline-block; vertical-align: top; width: 561px; line-height: 1.4; color: rgb(33, 33, 33);\"><li class=\"sNqDog\" data-reactid=\"266\" style=\"box-sizing: border-box; margin: 0px; padding: 0px; list-style: none;\">100 g</li></ul></li></ul></div><div class=\"_2Kp3n6\" data-reactid=\"267\" style=\"box-sizing: border-box; margin: 0px; padding: 24px 24px 34px; border-top: 1px solid rgb(240, 240, 240); font-size: 14px; color: rgb(33, 33, 33); font-family: Roboto, Arial, sans-serif; font-style: normal; font-variant-ligatures: normal; font-variant-caps: normal; font-weight: normal; letter-spacing: normal; orphans: 2; text-align: start; text-indent: 0px; text-transform: none; white-space: normal; widows: 2; word-spacing: 0px; -webkit-text-stroke-width: 0px; background-color: rgb(255, 255, 255); text-decoration-style: initial; text-decoration-color: initial;\"><div class=\"HoUsOy\" data-reactid=\"268\" style=\"box-sizing: border-box; margin: 0px; padding: 0px 0px 16px; font-size: 18px; white-space: nowrap; line-height: 1.4;\">Warranty</div><ul data-reactid=\"269\" style=\"box-sizing: border-box; margin: 0px; padding: 0px;\"><li class=\"_1KuY3T row\" data-reactid=\"270\" style=\"box-sizing: border-box; margin: 0px; padding: 0px; list-style: none; width: 748px; display: flex; flex-flow: row wrap;\"><div class=\"vmXPri col col-3-12\" data-reactid=\"271\" style=\"box-sizing: border-box; margin: 0px; padding: 0px 8px 0px 0px; display: inline-block; vertical-align: top; width: 187px; color: rgb(135, 135, 135);\">Domestic Warranty</div><ul class=\"_3dG3ix col col-9-12\" data-reactid=\"272\" style=\"box-sizing: border-box; margin: 0px; padding: 0px; display: inline-block; vertical-align: top; width: 561px; line-height: 1.4; color: rgb(33, 33, 33);\"><li class=\"sNqDog\" data-reactid=\"273\" style=\"box-sizing: border-box; margin: 0px; padding: 0px; list-style: none;\">12 Month</li></ul></li></ul></div>', 'facemask.jpg', 'facemask1.jpg', 'facemask12.jpg', 0, 'In Stock', '2017-09-05 15:46:00', ''),
(26, 7, 16, 'Probiker Leather Motorcycle Gloves (Black)', 'Probiker', 325, 350, '<table style=\"box-sizing: border-box; margin-bottom: 0px !important; border-collapse: collapse; width: 591px; table-layout: fixed; color: rgb(51, 51, 51); font-family: Arial; font-size: 12px; font-style: normal; font-variant-ligatures: normal; font-variant-caps: normal; font-weight: normal; letter-spacing: normal; orphans: 2; text-align: start; text-indent: 0px; text-transform: none; white-space: normal; widows: 2; word-spacing: 0px; -webkit-text-stroke-width: 0px; background-color: rgb(255, 255, 255); text-decoration-style: initial; text-decoration-color: initial;\" cellspacing=\"0\" cellpadding=\"0\" border=\"0\"><tbody style=\"box-sizing: border-box;\"><tr style=\"box-sizing: border-box;\"><td class=\"label\" style=\"box-sizing: border-box; vertical-align: top; padding: 3px 1px 3px 10px; color: rgb(102, 102, 102); font-family: Arial; font-size: 12px; border-top: 1px dotted rgb(204, 204, 204); line-height: 18px; background-color: rgb(245, 245, 245); width: 206px;\">Brand</td><td class=\"value\" style=\"box-sizing: border-box; vertical-align: top; padding: 3px 1px 3px 10px; color: rgb(51, 51, 51); font-family: Arial; font-size: 12px; border-top: 1px dotted rgb(204, 204, 204); line-height: 18px;\">Probiker</td></tr><tr class=\"size-weight\" style=\"box-sizing: border-box;\"><td class=\"label\" style=\"box-sizing: border-box; vertical-align: top; padding: 3px 1px 3px 10px; color: rgb(102, 102, 102); font-family: Arial; font-size: 12px; border-top: 1px dotted rgb(204, 204, 204); line-height: 18px; background-color: rgb(245, 245, 245); width: 206px;\">Item Weight</td><td class=\"value\" style=\"box-sizing: border-box; vertical-align: top; padding: 3px 1px 3px 10px; color: rgb(51, 51, 51); font-family: Arial; font-size: 12px; border-top: 1px dotted rgb(204, 204, 204); line-height: 18px;\">249 g</td></tr><tr class=\"size-weight\" style=\"box-sizing: border-box;\"><td class=\"label\" style=\"box-sizing: border-box; vertical-align: top; padding: 3px 1px 3px 10px; color: rgb(102, 102, 102); font-family: Arial; font-size: 12px; border-top: 1px dotted rgb(204, 204, 204); line-height: 18px; background-color: rgb(245, 245, 245); width: 206px;\">Product Dimensions</td><td class=\"value\" style=\"box-sizing: border-box; vertical-align: top; padding: 3px 1px 3px 10px; color: rgb(51, 51, 51); font-family: Arial; font-size: 12px; border-top: 1px dotted rgb(204, 204, 204); line-height: 18px;\">98.4 x 19.7 x 59.1 cm</td></tr><tr class=\"item-model-number\" style=\"box-sizing: border-box;\"><td class=\"label\" style=\"box-sizing: border-box; vertical-align: top; padding: 3px 1px 3px 10px; color: rgb(102, 102, 102); font-family: Arial; font-size: 12px; border-top: 1px dotted rgb(204, 204, 204); line-height: 18px; background-color: rgb(245, 245, 245); width: 206px;\">Item model number</td><td class=\"value\" style=\"box-sizing: border-box; vertical-align: top; padding: 3px 1px 3px 10px; color: rgb(51, 51, 51); font-family: Arial; font-size: 12px; border-top: 1px dotted rgb(204, 204, 204); line-height: 18px;\">36558961</td></tr><tr style=\"box-sizing: border-box;\"><td class=\"label\" style=\"box-sizing: border-box; vertical-align: top; padding: 3px 1px 3px 10px; color: rgb(102, 102, 102); font-family: Arial; font-size: 12px; border-top: 1px dotted rgb(204, 204, 204); line-height: 18px; background-color: rgb(245, 245, 245); width: 206px;\">Manufacturer Part Number</td><td class=\"value\" style=\"box-sizing: border-box; vertical-align: top; padding: 3px 1px 3px 10px; color: rgb(51, 51, 51); font-family: Arial; font-size: 12px; border-top: 1px dotted rgb(204, 204, 204); line-height: 18px;\">GPB_BLK</td></tr><tr style=\"box-sizing: border-box;\"><td class=\"label\" style=\"box-sizing: border-box; vertical-align: top; padding: 3px 1px 3px 10px; color: rgb(102, 102, 102); font-family: Arial; font-size: 12px; border-top: 1px dotted rgb(204, 204, 204); line-height: 18px; background-color: rgb(245, 245, 245); width: 206px;\">Foldable</td><td class=\"value\" style=\"box-sizing: border-box; vertical-align: top; padding: 3px 1px 3px 10px; color: rgb(51, 51, 51); font-family: Arial; font-size: 12px; border-top: 1px dotted rgb(204, 204, 204); line-height: 18px;\">No</td></tr><tr style=\"box-sizing: border-box;\"><td class=\"label\" style=\"box-sizing: border-box; vertical-align: top; padding: 3px 1px 3px 10px; color: rgb(102, 102, 102); font-family: Arial; font-size: 12px; border-top: 1px dotted rgb(204, 204, 204); line-height: 18px; background-color: rgb(245, 245, 245); width: 206px;\">Outer Material</td><td class=\"value\" style=\"box-sizing: border-box; vertical-align: top; padding: 3px 1px 3px 10px; color: rgb(51, 51, 51); font-family: Arial; font-size: 12px; border-top: 1px dotted rgb(204, 204, 204); line-height: 18px;\">leather</td></tr><tr style=\"box-sizing: border-box;\"><td class=\"label\" style=\"box-sizing: border-box; vertical-align: top; padding: 3px 1px 3px 10px; color: rgb(102, 102, 102); font-family: Arial; font-size: 12px; border-top: 1px dotted rgb(204, 204, 204); line-height: 18px; background-color: rgb(245, 245, 245); width: 206px;\">Size</td><td class=\"value\" style=\"box-sizing: border-box; vertical-align: top; padding: 3px 1px 3px 10px; color: rgb(51, 51, 51); font-family: Arial; font-size: 12px; border-top: 1px dotted rgb(204, 204, 204); line-height: 18px;\">L</td></tr><tr style=\"box-sizing: border-box;\"><td class=\"label\" style=\"box-sizing: border-box; vertical-align: top; padding: 3px 1px 3px 10px; color: rgb(102, 102, 102); font-family: Arial; font-size: 12px; border-top: 1px dotted rgb(204, 204, 204); line-height: 18px; background-color: rgb(245, 245, 245); width: 206px;\">Colour</td><td class=\"value\" style=\"box-sizing: border-box; vertical-align: top; padding: 3px 1px 3px 10px; color: rgb(51, 51, 51); font-family: Arial; font-size: 12px; border-top: 1px dotted rgb(204, 204, 204); line-height: 18px;\">Black</td></tr><tr style=\"box-sizing: border-box;\"><td class=\"label\" style=\"box-sizing: border-box; vertical-align: top; padding: 3px 1px 3px 10px; color: rgb(102, 102, 102); font-family: Arial; font-size: 12px; border-top: 1px dotted rgb(204, 204, 204); line-height: 18px; background-color: rgb(245, 245, 245); width: 206px;\">Stain Resistant?</td><td class=\"value\" style=\"box-sizing: border-box; vertical-align: top; padding: 3px 1px 3px 10px; color: rgb(51, 51, 51); font-family: Arial; font-size: 12px; border-top: 1px dotted rgb(204, 204, 204); line-height: 18px;\">No</td></tr><tr style=\"box-sizing: border-box;\"><td class=\"label\" style=\"box-sizing: border-box; vertical-align: top; padding: 3px 1px 3px 10px; color: rgb(102, 102, 102); font-family: Arial; font-size: 12px; border-top: 1px dotted rgb(204, 204, 204); line-height: 18px; background-color: rgb(245, 245, 245); width: 206px;\">Assembly Required</td><td class=\"value\" style=\"box-sizing: border-box; vertical-align: top; padding: 3px 1px 3px 10px; color: rgb(51, 51, 51); font-family: Arial; font-size: 12px; border-top: 1px dotted rgb(204, 204, 204); line-height: 18px;\">No</td></tr><tr style=\"box-sizing: border-box;\"><td class=\"label\" style=\"box-sizing: border-box; vertical-align: top; padding: 3px 1px 3px 10px; color: rgb(102, 102, 102); font-family: Arial; font-size: 12px; border-top: 1px dotted rgb(204, 204, 204); line-height: 18px; background-color: rgb(245, 245, 245); width: 206px;\">Included</td><td class=\"value\" style=\"box-sizing: border-box; vertical-align: top; padding: 3px 1px 3px 10px; color: rgb(51, 51, 51); font-family: Arial; font-size: 12px; border-top: 1px dotted rgb(204, 204, 204); line-height: 18px;\">1 Riding Gloves</td></tr><tr style=\"box-sizing: border-box;\"><td class=\"label\" style=\"box-sizing: border-box; vertical-align: top; padding: 3px 1px 3px 10px; color: rgb(102, 102, 102); font-family: Arial; font-size: 12px; border-top: 1px dotted rgb(204, 204, 204); line-height: 18px; background-color: rgb(245, 245, 245); width: 206px;\">Item Weight</td><td class=\"value\" style=\"box-sizing: border-box; vertical-align: top; padding: 3px 1px 3px 10px; color: rgb(51, 51, 51); font-family: Arial; font-size: 12px; border-top: 1px dotted rgb(204, 204, 204); line-height: 18px;\">250 Grams</td></tr><tr style=\"box-sizing: border-box;\"></tr></tbody></table><br class=\"Apple-interchange-newline\">', 'probiker.jpg', 'probiker1.jpg', 'probiker12.jpg', 50, 'In Stock', '2017-09-05 15:49:10', ''),
(27, 7, 16, 'Leebo KTM Gloves for KTM RC 390', 'Leebo', 525, 600, '<table style=\"box-sizing: border-box; margin-bottom: 0px !important; border-collapse: collapse; width: 719px; table-layout: fixed; color: rgb(51, 51, 51); font-family: Arial; font-size: 12px; font-style: normal; font-variant-ligatures: normal; font-variant-caps: normal; font-weight: normal; letter-spacing: normal; orphans: 2; text-align: start; text-indent: 0px; text-transform: none; white-space: normal; widows: 2; word-spacing: 0px; -webkit-text-stroke-width: 0px; background-color: rgb(255, 255, 255); text-decoration-style: initial; text-decoration-color: initial;\" cellspacing=\"0\" cellpadding=\"0\" border=\"0\"><tbody style=\"box-sizing: border-box;\"><tr style=\"box-sizing: border-box;\"><td class=\"label\" style=\"box-sizing: border-box; vertical-align: top; padding: 3px 1px 3px 10px; color: rgb(102, 102, 102); font-family: Arial; font-size: 12px; border-top: 1px dotted rgb(204, 204, 204); line-height: 18px; background-color: rgb(245, 245, 245); width: 251px;\">Brand</td><td class=\"value\" style=\"box-sizing: border-box; vertical-align: top; padding: 3px 1px 3px 10px; color: rgb(51, 51, 51); font-family: Arial; font-size: 12px; border-top: 1px dotted rgb(204, 204, 204); line-height: 18px;\">Leebo</td></tr><tr class=\"size-weight\" style=\"box-sizing: border-box;\"><td class=\"label\" style=\"box-sizing: border-box; vertical-align: top; padding: 3px 1px 3px 10px; color: rgb(102, 102, 102); font-family: Arial; font-size: 12px; border-top: 1px dotted rgb(204, 204, 204); line-height: 18px; background-color: rgb(245, 245, 245); width: 251px;\">Item Weight</td><td class=\"value\" style=\"box-sizing: border-box; vertical-align: top; padding: 3px 1px 3px 10px; color: rgb(51, 51, 51); font-family: Arial; font-size: 12px; border-top: 1px dotted rgb(204, 204, 204); line-height: 18px;\">200 g</td></tr><tr class=\"size-weight\" style=\"box-sizing: border-box;\"><td class=\"label\" style=\"box-sizing: border-box; vertical-align: top; padding: 3px 1px 3px 10px; color: rgb(102, 102, 102); font-family: Arial; font-size: 12px; border-top: 1px dotted rgb(204, 204, 204); line-height: 18px; background-color: rgb(245, 245, 245); width: 251px;\">Product Dimensions</td><td class=\"value\" style=\"box-sizing: border-box; vertical-align: top; padding: 3px 1px 3px 10px; color: rgb(51, 51, 51); font-family: Arial; font-size: 12px; border-top: 1px dotted rgb(204, 204, 204); line-height: 18px;\">18 x 10 x 2 cm</td></tr><tr class=\"item-model-number\" style=\"box-sizing: border-box;\"><td class=\"label\" style=\"box-sizing: border-box; vertical-align: top; padding: 3px 1px 3px 10px; color: rgb(102, 102, 102); font-family: Arial; font-size: 12px; border-top: 1px dotted rgb(204, 204, 204); line-height: 18px; background-color: rgb(245, 245, 245); width: 251px;\">Item model number</td><td class=\"value\" style=\"box-sizing: border-box; vertical-align: top; padding: 3px 1px 3px 10px; color: rgb(51, 51, 51); font-family: Arial; font-size: 12px; border-top: 1px dotted rgb(204, 204, 204); line-height: 18px;\">KTM_XL_BLACK_2</td></tr><tr style=\"box-sizing: border-box;\"><td class=\"label\" style=\"box-sizing: border-box; vertical-align: top; padding: 3px 1px 3px 10px; color: rgb(102, 102, 102); font-family: Arial; font-size: 12px; border-top: 1px dotted rgb(204, 204, 204); line-height: 18px; background-color: rgb(245, 245, 245); width: 251px;\">Manufacturer Part Number</td><td class=\"value\" style=\"box-sizing: border-box; vertical-align: top; padding: 3px 1px 3px 10px; color: rgb(51, 51, 51); font-family: Arial; font-size: 12px; border-top: 1px dotted rgb(204, 204, 204); line-height: 18px;\">KTM_XL_BLACK_2</td></tr><tr style=\"box-sizing: border-box;\"><td class=\"label\" style=\"box-sizing: border-box; vertical-align: top; padding: 3px 1px 3px 10px; color: rgb(102, 102, 102); font-family: Arial; font-size: 12px; border-top: 1px dotted rgb(204, 204, 204); line-height: 18px; background-color: rgb(245, 245, 245); width: 251px;\">Inner Material</td><td class=\"value\" style=\"box-sizing: border-box; vertical-align: top; padding: 3px 1px 3px 10px; color: rgb(51, 51, 51); font-family: Arial; font-size: 12px; border-top: 1px dotted rgb(204, 204, 204); line-height: 18px;\">Cotton</td></tr><tr style=\"box-sizing: border-box;\"><td class=\"label\" style=\"box-sizing: border-box; vertical-align: top; padding: 3px 1px 3px 10px; color: rgb(102, 102, 102); font-family: Arial; font-size: 12px; border-top: 1px dotted rgb(204, 204, 204); line-height: 18px; background-color: rgb(245, 245, 245); width: 251px;\">Outer Material</td><td class=\"value\" style=\"box-sizing: border-box; vertical-align: top; padding: 3px 1px 3px 10px; color: rgb(51, 51, 51); font-family: Arial; font-size: 12px; border-top: 1px dotted rgb(204, 204, 204); line-height: 18px;\">Polyester</td></tr><tr style=\"box-sizing: border-box;\"><td class=\"label\" style=\"box-sizing: border-box; vertical-align: top; padding: 3px 1px 3px 10px; color: rgb(102, 102, 102); font-family: Arial; font-size: 12px; border-top: 1px dotted rgb(204, 204, 204); line-height: 18px; background-color: rgb(245, 245, 245); width: 251px;\">Size</td><td class=\"value\" style=\"box-sizing: border-box; vertical-align: top; padding: 3px 1px 3px 10px; color: rgb(51, 51, 51); font-family: Arial; font-size: 12px; border-top: 1px dotted rgb(204, 204, 204); line-height: 18px;\">X-Large</td></tr><tr style=\"box-sizing: border-box;\"><td class=\"label\" style=\"box-sizing: border-box; vertical-align: top; padding: 3px 1px 3px 10px; color: rgb(102, 102, 102); font-family: Arial; font-size: 12px; border-top: 1px dotted rgb(204, 204, 204); line-height: 18px; background-color: rgb(245, 245, 245); width: 251px;\">Colour</td><td class=\"value\" style=\"box-sizing: border-box; vertical-align: top; padding: 3px 1px 3px 10px; color: rgb(51, 51, 51); font-family: Arial; font-size: 12px; border-top: 1px dotted rgb(204, 204, 204); line-height: 18px;\">Black</td></tr><tr style=\"box-sizing: border-box;\"><td class=\"label\" style=\"box-sizing: border-box; vertical-align: top; padding: 3px 1px 3px 10px; color: rgb(102, 102, 102); font-family: Arial; font-size: 12px; border-top: 1px dotted rgb(204, 204, 204); line-height: 18px; background-color: rgb(245, 245, 245); width: 251px;\">Included</td><td class=\"value\" style=\"box-sizing: border-box; vertical-align: top; padding: 3px 1px 3px 10px; color: rgb(51, 51, 51); font-family: Arial; font-size: 12px; border-top: 1px dotted rgb(204, 204, 204); line-height: 18px;\">1 Pair Gloves</td></tr><tr style=\"box-sizing: border-box;\"><td class=\"label\" style=\"box-sizing: border-box; vertical-align: top; padding: 3px 1px 3px 10px; color: rgb(102, 102, 102); font-family: Arial; font-size: 12px; border-top: 1px dotted rgb(204, 204, 204); line-height: 18px; background-color: rgb(245, 245, 245); width: 251px;\">Item Weight</td><td class=\"value\" style=\"box-sizing: border-box; vertical-align: top; padding: 3px 1px 3px 10px; color: rgb(51, 51, 51); font-family: Arial; font-size: 12px; border-top: 1px dotted rgb(204, 204, 204); line-height: 18px;\">200 Grams</td></tr></tbody></table>', 'leebo.jpg', 'leebo1.jpg', 'leebo12.jpg', 50, 'In Stock', '2017-09-05 15:53:33', ''),
(28, 7, 17, 'Generic Motorcycle Motocross Clear Lens Safety Goggles Glasses Sunglasses Dirt Bike Riding Off Road', 'Generic', 2000, 2200, '<table style=\"box-sizing: border-box; margin-bottom: 0px !important; border-collapse: collapse; width: 719px; table-layout: fixed; color: rgb(51, 51, 51); font-family: Arial; font-size: 12px; font-style: normal; font-variant-ligatures: normal; font-variant-caps: normal; font-weight: normal; letter-spacing: normal; orphans: 2; text-align: start; text-indent: 0px; text-transform: none; white-space: normal; widows: 2; word-spacing: 0px; -webkit-text-stroke-width: 0px; background-color: rgb(255, 255, 255); text-decoration-style: initial; text-decoration-color: initial;\" cellspacing=\"0\" cellpadding=\"0\" border=\"0\"><tbody style=\"box-sizing: border-box;\"><tr style=\"box-sizing: border-box;\"><td class=\"label\" style=\"box-sizing: border-box; vertical-align: top; padding: 3px 1px 3px 10px; color: rgb(102, 102, 102); font-family: Arial; font-size: 12px; border-top: 1px dotted rgb(204, 204, 204); line-height: 18px; background-color: rgb(245, 245, 245); width: 251px;\">Brand</td><td class=\"value\" style=\"box-sizing: border-box; vertical-align: top; padding: 3px 1px 3px 10px; color: rgb(51, 51, 51); font-family: Arial; font-size: 12px; border-top: 1px dotted rgb(204, 204, 204); line-height: 18px;\">Generic</td></tr><tr class=\"item-model-number\" style=\"box-sizing: border-box;\"><td class=\"label\" style=\"box-sizing: border-box; vertical-align: top; padding: 3px 1px 3px 10px; color: rgb(102, 102, 102); font-family: Arial; font-size: 12px; border-top: 1px dotted rgb(204, 204, 204); line-height: 18px; background-color: rgb(245, 245, 245); width: 251px;\">Item part number</td><td class=\"value\" style=\"box-sizing: border-box; vertical-align: top; padding: 3px 1px 3px 10px; color: rgb(51, 51, 51); font-family: Arial; font-size: 12px; border-top: 1px dotted rgb(204, 204, 204); line-height: 18px;\">IN0252004277</td></tr><tr style=\"box-sizing: border-box;\"><td class=\"label\" style=\"box-sizing: border-box; vertical-align: top; padding: 3px 1px 3px 10px; color: rgb(102, 102, 102); font-family: Arial; font-size: 12px; border-top: 1px dotted rgb(204, 204, 204); line-height: 18px; background-color: rgb(245, 245, 245); width: 251px;\">Manufacturer Part Number</td><td class=\"value\" style=\"box-sizing: border-box; vertical-align: top; padding: 3px 1px 3px 10px; color: rgb(51, 51, 51); font-family: Arial; font-size: 12px; border-top: 1px dotted rgb(204, 204, 204); line-height: 18px;\">IN0252004277</td></tr><tr style=\"box-sizing: border-box;\"><td class=\"label\" style=\"box-sizing: border-box; vertical-align: top; padding: 3px 1px 3px 10px; color: rgb(102, 102, 102); font-family: Arial; font-size: 12px; border-top: 1px dotted rgb(204, 204, 204); line-height: 18px; background-color: rgb(245, 245, 245); width: 251px;\">Colour</td><td class=\"value\" style=\"box-sizing: border-box; vertical-align: top; padding: 3px 1px 3px 10px; color: rgb(51, 51, 51); font-family: Arial; font-size: 12px; border-top: 1px dotted rgb(204, 204, 204); line-height: 18px;\">Blue</td></tr><tr style=\"box-sizing: border-box;\"></tr></tbody></table><br class=\"Apple-interchange-newline\">', 'generic.jpg', 'generic1.jpg', 'generic2.jpg', 100, 'In Stock', '2017-09-05 16:01:54', '');
INSERT INTO `products` (`id`, `category`, `subCategory`, `productName`, `productCompany`, `productPrice`, `productPriceBeforeDiscount`, `productDescription`, `productImage1`, `productImage2`, `productImage3`, `shippingCharge`, `productAvailability`, `postingDate`, `updationDate`) VALUES
(33, 7, 18, 'Mototrance Riding Gear Body Armor Jacket For Bike Driving', 'Mototrance', 1320, 2000, '<table style=\"box-sizing: border-box; margin-bottom: 0px !important; border-collapse: collapse; width: 719px; table-layout: fixed; color: rgb(51, 51, 51); font-family: Arial; font-size: 12px; font-style: normal; font-variant-ligatures: normal; font-variant-caps: normal; font-weight: normal; letter-spacing: normal; orphans: 2; text-align: start; text-indent: 0px; text-transform: none; white-space: normal; widows: 2; word-spacing: 0px; -webkit-text-stroke-width: 0px; background-color: rgb(255, 255, 255); text-decoration-style: initial; text-decoration-color: initial;\" cellspacing=\"0\" cellpadding=\"0\" border=\"0\"><tbody style=\"box-sizing: border-box;\"><tr style=\"box-sizing: border-box;\"><td class=\"label\" style=\"box-sizing: border-box; vertical-align: top; padding: 3px 1px 3px 10px; color: rgb(102, 102, 102); font-family: Arial; font-size: 12px; border-top: 1px dotted rgb(204, 204, 204); line-height: 18px; background-color: rgb(245, 245, 245); width: 251px;\">Brand</td><td class=\"value\" style=\"box-sizing: border-box; vertical-align: top; padding: 3px 1px 3px 10px; color: rgb(51, 51, 51); font-family: Arial; font-size: 12px; border-top: 1px dotted rgb(204, 204, 204); line-height: 18px;\">Mototrance</td></tr><tr class=\"size-weight\" style=\"box-sizing: border-box;\"><td class=\"label\" style=\"box-sizing: border-box; vertical-align: top; padding: 3px 1px 3px 10px; color: rgb(102, 102, 102); font-family: Arial; font-size: 12px; border-top: 1px dotted rgb(204, 204, 204); line-height: 18px; background-color: rgb(245, 245, 245); width: 251px;\">Item Weight</td><td class=\"value\" style=\"box-sizing: border-box; vertical-align: top; padding: 3px 1px 3px 10px; color: rgb(51, 51, 51); font-family: Arial; font-size: 12px; border-top: 1px dotted rgb(204, 204, 204); line-height: 18px;\">281 g</td></tr><tr class=\"size-weight\" style=\"box-sizing: border-box;\"><td class=\"label\" style=\"box-sizing: border-box; vertical-align: top; padding: 3px 1px 3px 10px; color: rgb(102, 102, 102); font-family: Arial; font-size: 12px; border-top: 1px dotted rgb(204, 204, 204); line-height: 18px; background-color: rgb(245, 245, 245); width: 251px;\">Product Dimensions</td><td class=\"value\" style=\"box-sizing: border-box; vertical-align: top; padding: 3px 1px 3px 10px; color: rgb(51, 51, 51); font-family: Arial; font-size: 12px; border-top: 1px dotted rgb(204, 204, 204); line-height: 18px;\">8 x 12 x 24 cm</td></tr><tr class=\"item-model-number\" style=\"box-sizing: border-box;\"><td class=\"label\" style=\"box-sizing: border-box; vertical-align: top; padding: 3px 1px 3px 10px; color: rgb(102, 102, 102); font-family: Arial; font-size: 12px; border-top: 1px dotted rgb(204, 204, 204); line-height: 18px; background-color: rgb(245, 245, 245); width: 251px;\">Item part number</td><td class=\"value\" style=\"box-sizing: border-box; vertical-align: top; padding: 3px 1px 3px 10px; color: rgb(51, 51, 51); font-family: Arial; font-size: 12px; border-top: 1px dotted rgb(204, 204, 204); line-height: 18px;\">AF969</td></tr><tr style=\"box-sizing: border-box;\"><td class=\"label\" style=\"box-sizing: border-box; vertical-align: top; padding: 3px 1px 3px 10px; color: rgb(102, 102, 102); font-family: Arial; font-size: 12px; border-top: 1px dotted rgb(204, 204, 204); line-height: 18px; background-color: rgb(245, 245, 245); width: 251px;\">Manufacturer Part Number</td><td class=\"value\" style=\"box-sizing: border-box; vertical-align: top; padding: 3px 1px 3px 10px; color: rgb(51, 51, 51); font-family: Arial; font-size: 12px; border-top: 1px dotted rgb(204, 204, 204); line-height: 18px;\">AF969</td></tr><tr style=\"box-sizing: border-box;\"><td class=\"label\" style=\"box-sizing: border-box; vertical-align: top; padding: 3px 1px 3px 10px; color: rgb(102, 102, 102); font-family: Arial; font-size: 12px; border-top: 1px dotted rgb(204, 204, 204); line-height: 18px; background-color: rgb(245, 245, 245); width: 251px;\">Foldable</td><td class=\"value\" style=\"box-sizing: border-box; vertical-align: top; padding: 3px 1px 3px 10px; color: rgb(51, 51, 51); font-family: Arial; font-size: 12px; border-top: 1px dotted rgb(204, 204, 204); line-height: 18px;\">No</td></tr><tr style=\"box-sizing: border-box;\"><td class=\"label\" style=\"box-sizing: border-box; vertical-align: top; padding: 3px 1px 3px 10px; color: rgb(102, 102, 102); font-family: Arial; font-size: 12px; border-top: 1px dotted rgb(204, 204, 204); line-height: 18px; background-color: rgb(245, 245, 245); width: 251px;\">Colour</td><td class=\"value\" style=\"box-sizing: border-box; vertical-align: top; padding: 3px 1px 3px 10px; color: rgb(51, 51, 51); font-family: Arial; font-size: 12px; border-top: 1px dotted rgb(204, 204, 204); line-height: 18px;\">Black</td></tr><tr style=\"box-sizing: border-box;\"><td class=\"label\" style=\"box-sizing: border-box; vertical-align: top; padding: 3px 1px 3px 10px; color: rgb(102, 102, 102); font-family: Arial; font-size: 12px; border-top: 1px dotted rgb(204, 204, 204); line-height: 18px; background-color: rgb(245, 245, 245); width: 251px;\">Stain Resistant?</td><td class=\"value\" style=\"box-sizing: border-box; vertical-align: top; padding: 3px 1px 3px 10px; color: rgb(51, 51, 51); font-family: Arial; font-size: 12px; border-top: 1px dotted rgb(204, 204, 204); line-height: 18px;\">No</td></tr><tr style=\"box-sizing: border-box;\"><td class=\"label\" style=\"box-sizing: border-box; vertical-align: top; padding: 3px 1px 3px 10px; color: rgb(102, 102, 102); font-family: Arial; font-size: 12px; border-top: 1px dotted rgb(204, 204, 204); line-height: 18px; background-color: rgb(245, 245, 245); width: 251px;\">Assembly Required</td><td class=\"value\" style=\"box-sizing: border-box; vertical-align: top; padding: 3px 1px 3px 10px; color: rgb(51, 51, 51); font-family: Arial; font-size: 12px; border-top: 1px dotted rgb(204, 204, 204); line-height: 18px;\">No</td></tr><tr style=\"box-sizing: border-box;\"><td class=\"label\" style=\"box-sizing: border-box; vertical-align: top; padding: 3px 1px 3px 10px; color: rgb(102, 102, 102); font-family: Arial; font-size: 12px; border-top: 1px dotted rgb(204, 204, 204); line-height: 18px; background-color: rgb(245, 245, 245); width: 251px;\">Included</td><td class=\"value\" style=\"box-sizing: border-box; vertical-align: top; padding: 3px 1px 3px 10px; color: rgb(51, 51, 51); font-family: Arial; font-size: 12px; border-top: 1px dotted rgb(204, 204, 204); line-height: 18px;\">1 Pc Mototrance Riding Gear Body Armor Jacket For Bike Driving</td></tr><tr style=\"box-sizing: border-box;\"><td class=\"label\" style=\"box-sizing: border-box; vertical-align: top; padding: 3px 1px 3px 10px; color: rgb(102, 102, 102); font-family: Arial; font-size: 12px; border-top: 1px dotted rgb(204, 204, 204); line-height: 18px; background-color: rgb(245, 245, 245); width: 251px;\">Item Weight</td><td class=\"value\" style=\"box-sizing: border-box; vertical-align: top; padding: 3px 1px 3px 10px; color: rgb(51, 51, 51); font-family: Arial; font-size: 12px; border-top: 1px dotted rgb(204, 204, 204); line-height: 18px;\">280 Grams</td></tr></tbody></table>', 'mototrace.jpg', 'mototrace1.jpg', 'mototrace12.jpg', 100, 'In Stock', '2017-09-05 16:17:34', ''),
(34, 7, 18, 'Vega JK 21 Riding Jacket (Red)', 'Vega', 6500, 7500, '<table style=\"box-sizing: border-box; margin-bottom: 0px !important; border-collapse: collapse; width: 719px; table-layout: fixed; color: rgb(51, 51, 51); font-family: Arial; font-size: 12px; font-style: normal; font-variant-ligatures: normal; font-variant-caps: normal; font-weight: normal; letter-spacing: normal; orphans: 2; text-align: start; text-indent: 0px; text-transform: none; white-space: normal; widows: 2; word-spacing: 0px; -webkit-text-stroke-width: 0px; background-color: rgb(255, 255, 255); text-decoration-style: initial; text-decoration-color: initial;\" cellspacing=\"0\" cellpadding=\"0\" border=\"0\"><tbody style=\"box-sizing: border-box;\"><tr style=\"box-sizing: border-box;\"><td class=\"label\" style=\"box-sizing: border-box; vertical-align: top; padding: 3px 1px 3px 10px; color: rgb(102, 102, 102); font-family: Arial; font-size: 12px; border-top: 1px dotted rgb(204, 204, 204); line-height: 18px; background-color: rgb(245, 245, 245); width: 251px;\">Brand</td><td class=\"value\" style=\"box-sizing: border-box; vertical-align: top; padding: 3px 1px 3px 10px; color: rgb(51, 51, 51); font-family: Arial; font-size: 12px; border-top: 1px dotted rgb(204, 204, 204); line-height: 18px;\">Vega</td></tr><tr class=\"size-weight\" style=\"box-sizing: border-box;\"><td class=\"label\" style=\"box-sizing: border-box; vertical-align: top; padding: 3px 1px 3px 10px; color: rgb(102, 102, 102); font-family: Arial; font-size: 12px; border-top: 1px dotted rgb(204, 204, 204); line-height: 18px; background-color: rgb(245, 245, 245); width: 251px;\">Item Weight</td><td class=\"value\" style=\"box-sizing: border-box; vertical-align: top; padding: 3px 1px 3px 10px; color: rgb(51, 51, 51); font-family: Arial; font-size: 12px; border-top: 1px dotted rgb(204, 204, 204); line-height: 18px;\">1.3 Kg</td></tr><tr class=\"size-weight\" style=\"box-sizing: border-box;\"><td class=\"label\" style=\"box-sizing: border-box; vertical-align: top; padding: 3px 1px 3px 10px; color: rgb(102, 102, 102); font-family: Arial; font-size: 12px; border-top: 1px dotted rgb(204, 204, 204); line-height: 18px; background-color: rgb(245, 245, 245); width: 251px;\">Package Dimensions</td><td class=\"value\" style=\"box-sizing: border-box; vertical-align: top; padding: 3px 1px 3px 10px; color: rgb(51, 51, 51); font-family: Arial; font-size: 12px; border-top: 1px dotted rgb(204, 204, 204); line-height: 18px;\">52.8 x 44.4 x 9.2 cm</td></tr><tr class=\"item-model-number\" style=\"box-sizing: border-box;\"><td class=\"label\" style=\"box-sizing: border-box; vertical-align: top; padding: 3px 1px 3px 10px; color: rgb(102, 102, 102); font-family: Arial; font-size: 12px; border-top: 1px dotted rgb(204, 204, 204); line-height: 18px; background-color: rgb(245, 245, 245); width: 251px;\">Item model number</td><td class=\"value\" style=\"box-sizing: border-box; vertical-align: top; padding: 3px 1px 3px 10px; color: rgb(51, 51, 51); font-family: Arial; font-size: 12px; border-top: 1px dotted rgb(204, 204, 204); line-height: 18px;\">JK 21</td></tr><tr style=\"box-sizing: border-box;\"><td class=\"label\" style=\"box-sizing: border-box; vertical-align: top; padding: 3px 1px 3px 10px; color: rgb(102, 102, 102); font-family: Arial; font-size: 12px; border-top: 1px dotted rgb(204, 204, 204); line-height: 18px; background-color: rgb(245, 245, 245); width: 251px;\">Manufacturer Part Number</td><td class=\"value\" style=\"box-sizing: border-box; vertical-align: top; padding: 3px 1px 3px 10px; color: rgb(51, 51, 51); font-family: Arial; font-size: 12px; border-top: 1px dotted rgb(204, 204, 204); line-height: 18px;\">JK 21_RED_XL</td></tr><tr style=\"box-sizing: border-box;\"><td class=\"label\" style=\"box-sizing: border-box; vertical-align: top; padding: 3px 1px 3px 10px; color: rgb(102, 102, 102); font-family: Arial; font-size: 12px; border-top: 1px dotted rgb(204, 204, 204); line-height: 18px; background-color: rgb(245, 245, 245); width: 251px;\">Size</td><td class=\"value\" style=\"box-sizing: border-box; vertical-align: top; padding: 3px 1px 3px 10px; color: rgb(51, 51, 51); font-family: Arial; font-size: 12px; border-top: 1px dotted rgb(204, 204, 204); line-height: 18px;\">XL</td></tr><tr style=\"box-sizing: border-box;\"><td class=\"label\" style=\"box-sizing: border-box; vertical-align: top; padding: 3px 1px 3px 10px; color: rgb(102, 102, 102); font-family: Arial; font-size: 12px; border-top: 1px dotted rgb(204, 204, 204); line-height: 18px; background-color: rgb(245, 245, 245); width: 251px;\">Colour</td><td class=\"value\" style=\"box-sizing: border-box; vertical-align: top; padding: 3px 1px 3px 10px; color: rgb(51, 51, 51); font-family: Arial; font-size: 12px; border-top: 1px dotted rgb(204, 204, 204); line-height: 18px;\">Red</td></tr><tr style=\"box-sizing: border-box;\"><td class=\"label\" style=\"box-sizing: border-box; vertical-align: top; padding: 3px 1px 3px 10px; color: rgb(102, 102, 102); font-family: Arial; font-size: 12px; border-top: 1px dotted rgb(204, 204, 204); line-height: 18px; background-color: rgb(245, 245, 245); width: 251px;\">Included</td><td class=\"value\" style=\"box-sizing: border-box; vertical-align: top; padding: 3px 1px 3px 10px; color: rgb(51, 51, 51); font-family: Arial; font-size: 12px; border-top: 1px dotted rgb(204, 204, 204); line-height: 18px;\">1 Riding Jacket</td></tr><tr style=\"box-sizing: border-box;\"></tr></tbody></table><br class=\"Apple-interchange-newline\">', 'vega.jpg', 'vega1.jpg', 'vega12.jpg', 100, 'In Stock', '2017-09-05 16:21:05', ''),
(40, 8, 20, 'Black Spider HandleBar Grips with Unique Eagle design for All Bikes', 'A2D', 350, 600, '<p style=\"box-sizing: border-box; margin: 0px 0px 5px; color: rgb(64, 66, 71); font-family: &quot;Roboto Condensed&quot;, sans-serif; font-size: 12px; font-style: normal; font-variant-ligatures: normal; font-variant-caps: normal; font-weight: normal; letter-spacing: normal; orphans: 2; text-align: start; text-indent: 0px; text-transform: none; white-space: normal; widows: 2; word-spacing: 0px; -webkit-text-stroke-width: 0px; background-color: rgb(255, 255, 255); text-decoration-style: initial; text-decoration-color: initial;\">Features:<br style=\"box-sizing: border-box;\">1.Get the unique look &amp; outstanding impression!<br style=\"box-sizing: border-box;\">2.Non slip design, provides smooth throttle tuning and better control<br style=\"box-sizing: border-box;\">3.High quality firm material brings Excellent absorbency to strong vibration &amp; provides great comfort &amp; feel!<br style=\"box-sizing: border-box;\">4.Easy installation! These grips are great replacement for your old grips!<br style=\"box-sizing: border-box;\">5. Unique Dragon design on bar ends<br style=\"box-sizing: border-box;\"></p><span style=\"color: rgb(64, 66, 71); font-family: &quot;Roboto Condensed&quot;, sans-serif; font-size: 12px; font-style: normal; font-variant-ligatures: normal; font-variant-caps: normal; font-weight: normal; letter-spacing: normal; orphans: 2; text-align: start; text-indent: 0px; text-transform: none; white-space: normal; widows: 2; word-spacing: 0px; -webkit-text-stroke-width: 0px; background-color: rgb(255, 255, 255); text-decoration-style: initial; text-decoration-color: initial; display: inline !important; float: none;\"></span><br class=\"Apple-interchange-newline\">', 'h.jpg', 'h1.jpg', 'h2.jpg', 100, 'In Stock', '2017-09-05 16:56:20', ''),
(41, 8, 20, 'M Energy Bike Steel & Rubber Riding Grip Covers Silver', 'Hella', 400, 500, '<div class=\"tabs-group\" style=\"box-sizing: border-box; color: rgb(64, 66, 71); font-family: &quot;Roboto Condensed&quot;, sans-serif; font-size: 12px; font-style: normal; font-variant-ligatures: normal; font-variant-caps: normal; font-weight: normal; letter-spacing: normal; orphans: 2; text-align: start; text-indent: 0px; text-transform: none; white-space: normal; widows: 2; word-spacing: 0px; -webkit-text-stroke-width: 0px; background-color: rgb(255, 255, 255); text-decoration-style: initial; text-decoration-color: initial;\"><div id=\"tab-description\" class=\"tab-content\" style=\"box-sizing: border-box; overflow: auto; display: block;\"><span itemprop=\"description\" style=\"box-sizing: border-box;\"><p style=\"box-sizing: border-box; margin: 0px 0px 5px;\">M Energy Bike Steel &amp; Rubber Riding Grip Covers Silver</p><p style=\"box-sizing: border-box; margin: 0px 0px 5px;\">A must has product from all who loves bike riding</p><p style=\"box-sizing: border-box; margin: 0px 0px 5px;\">Features</p><p style=\"box-sizing: border-box; margin: 0px 0px 5px;\">Easy to install and durable</p><p style=\"box-sizing: border-box; margin: 0px 0px 5px;\">Provides sweat free ride in extreme heat conditions</p><p style=\"box-sizing: border-box; margin: 0px 0px 5px;\">Can be fitted easily</p><p style=\"box-sizing: border-box; margin: 0px 0px 5px;\">Saves you from hand palm while riding and improves blood circulation as it reduces pressure on palm while riding a bike</p><p style=\"box-sizing: border-box; margin: 0px 0px 5px;\">Material: Long lasting Rubber grip with metal casing</p><p style=\"box-sizing: border-box; margin: 0px 0px 5px;\">Note: Product (Grip Cover) may not cover full width of the bike handle grip</p><p style=\"box-sizing: border-box; margin: 0px 0px 5px;\">Package Contents :</p><p style=\"box-sizing: border-box; margin: 0px 0px 5px;\">1 x M Energy Bike Steel &amp; Rubber Riding Grip Covers Silver-Set of 2</p></span></div></div><div class=\"content-bottom\" style=\"box-sizing: border-box; color: rgb(64, 66, 71); font-family: &quot;Roboto Condensed&quot;, sans-serif; font-size: 12px; font-style: normal; font-variant-ligatures: normal; font-variant-caps: normal; font-weight: normal; letter-spacing: normal; orphans: 2; text-align: start; text-indent: 0px; text-transform: none; white-space: normal; widows: 2; word-spacing: 0px; -webkit-text-stroke-width: 0px; background-color: rgb(255, 255, 255); text-decoration-style: initial; text-decoration-color: initial;\"><div class=\"box\" style=\"box-sizing: border-box; margin-bottom: 20px;\"><br class=\"Apple-interchange-newline\"></div></div>', 'b.jpg', 'b1.jpg', 'b3.jpg', 100, 'In Stock', '2017-09-05 17:03:13', ''),
(42, 8, 21, 'Speedwav 4LED Bike Round Aux Fog Light-Ice Blue Angel', 'Speedwav', 650, 800, '<p style=\"margin: 0px 0px 5px; color: rgb(64, 66, 71); font-family: &quot;Roboto Condensed&quot;, sans-serif; font-size: 12px; font-style: normal; font-variant-ligatures: normal; font-variant-caps: normal; font-weight: normal; letter-spacing: normal; orphans: 2; text-align: start; text-indent: 0px; text-transform: none; white-space: normal; widows: 2; word-spacing: 0px; -webkit-text-stroke-width: 0px; background-color: rgb(255, 255, 255); text-decoration-style: initial; text-decoration-color: initial;\">Ride in style with Speedwav LED Car Round Aux Fog Light which will keep you ahead of all other cars on the road. With its best in class quality and performance it turns out to deliver an unmatched reliability and an unbeatable lighting.</p><p style=\"margin: 0px 0px 5px; color: rgb(64, 66, 71); font-family: &quot;Roboto Condensed&quot;, sans-serif; font-size: 12px; font-style: normal; font-variant-ligatures: normal; font-variant-caps: normal; font-weight: normal; letter-spacing: normal; orphans: 2; text-align: start; text-indent: 0px; text-transform: none; white-space: normal; widows: 2; word-spacing: 0px; -webkit-text-stroke-width: 0px; background-color: rgb(255, 255, 255); text-decoration-style: initial; text-decoration-color: initial;\">Features:</p><p style=\"margin: 0px 0px 5px; color: rgb(64, 66, 71); font-family: &quot;Roboto Condensed&quot;, sans-serif; font-size: 12px; font-style: normal; font-variant-ligatures: normal; font-variant-caps: normal; font-weight: normal; letter-spacing: normal; orphans: 2; text-align: start; text-indent: 0px; text-transform: none; white-space: normal; widows: 2; word-spacing: 0px; -webkit-text-stroke-width: 0px; background-color: rgb(255, 255, 255); text-decoration-style: initial; text-decoration-color: initial;\">Easy to install</p><p style=\"margin: 0px 0px 5px; color: rgb(64, 66, 71); font-family: &quot;Roboto Condensed&quot;, sans-serif; font-size: 12px; font-style: normal; font-variant-ligatures: normal; font-variant-caps: normal; font-weight: normal; letter-spacing: normal; orphans: 2; text-align: start; text-indent: 0px; text-transform: none; white-space: normal; widows: 2; word-spacing: 0px; -webkit-text-stroke-width: 0px; background-color: rgb(255, 255, 255); text-decoration-style: initial; text-decoration-color: initial;\">Energy Efficient</p><p style=\"margin: 0px 0px 5px; color: rgb(64, 66, 71); font-family: &quot;Roboto Condensed&quot;, sans-serif; font-size: 12px; font-style: normal; font-variant-ligatures: normal; font-variant-caps: normal; font-weight: normal; letter-spacing: normal; orphans: 2; text-align: start; text-indent: 0px; text-transform: none; white-space: normal; widows: 2; word-spacing: 0px; -webkit-text-stroke-width: 0px; background-color: rgb(255, 255, 255); text-decoration-style: initial; text-decoration-color: initial;\">6000k Wider Beam angle for better visual in adverse weather</p><p style=\"margin: 0px 0px 5px; color: rgb(64, 66, 71); font-family: &quot;Roboto Condensed&quot;, sans-serif; font-size: 12px; font-style: normal; font-variant-ligatures: normal; font-variant-caps: normal; font-weight: normal; letter-spacing: normal; orphans: 2; text-align: start; text-indent: 0px; text-transform: none; white-space: normal; widows: 2; word-spacing: 0px; -webkit-text-stroke-width: 0px; background-color: rgb(255, 255, 255); text-decoration-style: initial; text-decoration-color: initial;\">Environment Friendly</p><p style=\"margin: 0px 0px 5px; color: rgb(64, 66, 71); font-family: &quot;Roboto Condensed&quot;, sans-serif; font-size: 12px; font-style: normal; font-variant-ligatures: normal; font-variant-caps: normal; font-weight: normal; letter-spacing: normal; orphans: 2; text-align: start; text-indent: 0px; text-transform: none; white-space: normal; widows: 2; word-spacing: 0px; -webkit-text-stroke-width: 0px; background-color: rgb(255, 255, 255); text-decoration-style: initial; text-decoration-color: initial;\">Package Contents: 1 X Speedwav 4LED Bike Round Aux Fog Light-Ice Blue Angel</p>', 'h4.jpg', 'h5.jpg', 'h6.jpg', 100, 'In Stock', '2017-09-05 17:07:48', ''),
(43, 8, 21, 'OEM Bike Round Headlight Assembly-Bajaj Pulsar 150 Type 1', 'OME', 800, 1000, '<div class=\"tabs-group\" style=\"color: rgb(64, 66, 71); font-family: &quot;Roboto Condensed&quot;, sans-serif; font-size: 12px; font-style: normal; font-variant-ligatures: normal; font-variant-caps: normal; font-weight: normal; letter-spacing: normal; orphans: 2; text-align: start; text-indent: 0px; text-transform: none; white-space: normal; widows: 2; word-spacing: 0px; -webkit-text-stroke-width: 0px; background-color: rgb(255, 255, 255); text-decoration-style: initial; text-decoration-color: initial;\"><div id=\"tab-description\" class=\"tab-content\" style=\"overflow: auto; display: block;\"><span itemprop=\"description\"><p style=\"margin: 0px 0px 5px;\">Driving with low light due to damaged or faded headlight assembly has always been difficult. In case of any unfortunate accident to your vehicle, go for this headlight assembly by the automobile manufacturer. Get the complete and original headlight assembly at your door step.</p><p style=\"margin: 0px 0px 5px;\">Features:</p><p style=\"margin: 0px 0px 5px;\">Highly Durable Headlight Assembly</p><p style=\"margin: 0px 0px 5px;\">Clear dome headlight better view</p><p style=\"margin: 0px 0px 5px;\">Made as per vehicle specification</p><p style=\"margin: 0px 0px 5px;\">Provides better and clear visibility on road</p><p style=\"margin: 0px 0px 5px;\">Keeps you safe in the night</p><p style=\"margin: 0px 0px 5px;\">Note: Products does not contain any type of bulbs fitted in head light assembly. You need to purchase the bulb separately, if required.</p><p style=\"margin: 0px 0px 5px;\">Package Contents:</p><p style=\"margin: 0px 0px 5px;\">1 X OEM Bike Round Headlight Assembly (bulbs not included)</p></span></div></div><div class=\"content-bottom\" style=\"color: rgb(64, 66, 71); font-family: &quot;Roboto Condensed&quot;, sans-serif; font-size: 12px; font-style: normal; font-variant-ligatures: normal; font-variant-caps: normal; font-weight: normal; letter-spacing: normal; orphans: 2; text-align: start; text-indent: 0px; text-transform: none; white-space: normal; widows: 2; word-spacing: 0px; -webkit-text-stroke-width: 0px; background-color: rgb(255, 255, 255); text-decoration-style: initial; text-decoration-color: initial;\"><div class=\"box\" style=\"margin-bottom: 20px;\"><br class=\"Apple-interchange-newline\"></div></div>', 'p.jpg', 'p1.jpg', 'p2.jpg', 100, 'In Stock', '2017-09-05 17:11:56', ''),
(44, 8, 21, 'XF6243E 3LED Aux Fog Lamp Set of 2 For Harley Davidson-Chrome', 'OEM', 5700, 6500, '<div class=\"tabs-group\" style=\"color: rgb(64, 66, 71); font-family: &quot;Roboto Condensed&quot;, sans-serif; font-size: 12px; font-style: normal; font-variant-ligatures: normal; font-variant-caps: normal; font-weight: normal; letter-spacing: normal; orphans: 2; text-align: start; text-indent: 0px; text-transform: none; white-space: normal; widows: 2; word-spacing: 0px; -webkit-text-stroke-width: 0px; background-color: rgb(255, 255, 255); text-decoration-style: initial; text-decoration-color: initial;\"><div id=\"tab-description\" class=\"tab-content\" style=\"overflow: auto; display: block;\"><span itemprop=\"description\"><p style=\"margin: 0px 0px 5px;\">These LED passing lamps/fog lights utilize high intensity bright white LEDs with a color temperature over 6000K. They are high performance LED passing lights designed to be a direct replacement for OEM 4.5 inch passing lamps, auxiliary or fog lights. Utilizes state-of-the-art projector optics to provide the brightest output of all of our fog lights and surpass DOT standards for on-road use.</p><p style=\"margin: 0px 0px 5px;\">Features</p><p style=\"margin: 0px 0px 5px;\">Easy installation. Comes with the OE Harley connectors</p><p style=\"margin: 0px 0px 5px;\">Plug and play drop in installation and fitment</p><p style=\"margin: 0px 0px 5px;\">Great addition to the matching Eagle Lights 8700 Series Headlight for Harley Davidsons</p><p style=\"margin: 0px 0px 5px;\">Increases visibility for you and lets other see you easier</p><p style=\"margin: 0px 0px 5px;\">Package Content: 1 x XF6243E 3LED Aux Fog Lamp Set of 2 For Harley Davidson-Chrome</p></span></div></div><div class=\"content-bottom\" style=\"color: rgb(64, 66, 71); font-family: &quot;Roboto Condensed&quot;, sans-serif; font-size: 12px; font-style: normal; font-variant-ligatures: normal; font-variant-caps: normal; font-weight: normal; letter-spacing: normal; orphans: 2; text-align: start; text-indent: 0px; text-transform: none; white-space: normal; widows: 2; word-spacing: 0px; -webkit-text-stroke-width: 0px; background-color: rgb(255, 255, 255); text-decoration-style: initial; text-decoration-color: initial;\"><div class=\"box\" style=\"margin-bottom: 20px;\"><br class=\"Apple-interchange-newline\"></div></div>', 'oe1.jpg', 'oe2.jpg', 'oe3.jpg', 100, 'In Stock', '2017-09-05 17:20:43', ''),
(45, 8, 22, 'Bosch Bike Impact Red Horn 188 (Set of 2)', 'Bosch', 500, 750, '<div class=\"tabs-group\" style=\"box-sizing: border-box; color: rgb(64, 66, 71); font-family: &quot;Roboto Condensed&quot;, sans-serif; font-size: 12px; font-style: normal; font-variant-ligatures: normal; font-variant-caps: normal; font-weight: normal; letter-spacing: normal; orphans: 2; text-align: start; text-indent: 0px; text-transform: none; white-space: normal; widows: 2; word-spacing: 0px; -webkit-text-stroke-width: 0px; background-color: rgb(255, 255, 255); text-decoration-style: initial; text-decoration-color: initial;\"><div id=\"tab-description\" class=\"tab-content\" style=\"box-sizing: border-box; overflow: auto; display: block;\"><span itemprop=\"description\" style=\"box-sizing: border-box;\"><p style=\"box-sizing: border-box; margin: 0px 0px 5px;\">Tired of low horn sound from your car then switch to Bosch Car Impact Red Horn 188 which will not only get you the side for over taking any vehicle but will also keep you safe while driving</p><p style=\"box-sizing: border-box; margin: 0px 0px 5px;\"><strong style=\"box-sizing: border-box; font-weight: bold;\">Features:</strong></p><p style=\"box-sizing: border-box; margin: 0px 0px 5px;\">Easy to fit</p><p style=\"box-sizing: border-box; margin: 0px 0px 5px;\">Increased life horn</p><p style=\"box-sizing: border-box; margin: 0px 0px 5px;\">Enhanced horn sound</p><p style=\"box-sizing: border-box; margin: 0px 0px 5px;\">Works with 12V battery current</p><p style=\"box-sizing: border-box; margin: 0px 0px 5px;\">Helps in getting an over take lane easily</p><p style=\"box-sizing: border-box; margin: 0px 0px 5px;\">With horn installed in vehicle, driving becomes easy and safe</p><p style=\"box-sizing: border-box; margin: 0px 0px 5px;\">;;</p><p style=\"box-sizing: border-box; margin: 0px 0px 5px;\"><strong style=\"box-sizing: border-box; font-weight: bold;\">Package Contents:</strong></p><p style=\"box-sizing: border-box; margin: 0px 0px 5px;\">1 X Bosch Car Impact Red Horn 188 (Set Of 2)</p></span></div></div><div class=\"content-bottom\" style=\"box-sizing: border-box; color: rgb(64, 66, 71); font-family: &quot;Roboto Condensed&quot;, sans-serif; font-size: 12px; font-style: normal; font-variant-ligatures: normal; font-variant-caps: normal; font-weight: normal; letter-spacing: normal; orphans: 2; text-align: start; text-indent: 0px; text-transform: none; white-space: normal; widows: 2; word-spacing: 0px; -webkit-text-stroke-width: 0px; background-color: rgb(255, 255, 255); text-decoration-style: initial; text-decoration-color: initial;\"><div class=\"box\" style=\"box-sizing: border-box; margin-bottom: 20px;\"><br class=\"Apple-interchange-newline\"></div></div>', 'b1.jpg', 'b2.jpg', 'b3.jpg', 50, 'In Stock', '2017-09-05 17:24:04', ''),
(46, 8, 22, 'Hella red loud horn', 'Hella', 850, 1000, '<div class=\"tabs-group\" style=\"box-sizing: border-box; color: rgb(64, 66, 71); font-family: &quot;Roboto Condensed&quot;, sans-serif; font-size: 12px; font-style: normal; font-variant-ligatures: normal; font-variant-caps: normal; font-weight: normal; letter-spacing: normal; orphans: 2; text-align: start; text-indent: 0px; text-transform: none; white-space: normal; widows: 2; word-spacing: 0px; -webkit-text-stroke-width: 0px; background-color: rgb(255, 255, 255); text-decoration-style: initial; text-decoration-color: initial;\"><div id=\"tab-description\" class=\"tab-content\" style=\"box-sizing: border-box; overflow: auto; display: block;\"><span itemprop=\"description\" style=\"box-sizing: border-box;\"><p style=\"box-sizing: border-box; margin: 0px 0px 5px;\">Tired of low horn sound from your car then switch to Bosch Car Impact Red Horn 188 which will not only get you the side for over taking any vehicle but will also keep you safe while driving</p><p style=\"box-sizing: border-box; margin: 0px 0px 5px;\"><strong style=\"box-sizing: border-box; font-weight: bold;\">Features:</strong></p><p style=\"box-sizing: border-box; margin: 0px 0px 5px;\">Easy to fit</p><p style=\"box-sizing: border-box; margin: 0px 0px 5px;\">Increased life horn</p><p style=\"box-sizing: border-box; margin: 0px 0px 5px;\">Enhanced horn sound</p><p style=\"box-sizing: border-box; margin: 0px 0px 5px;\">Works with 12V battery current</p><p style=\"box-sizing: border-box; margin: 0px 0px 5px;\">Helps in getting an over take lane easily</p><p style=\"box-sizing: border-box; margin: 0px 0px 5px;\">With horn installed in vehicle, driving becomes easy and safe</p><p style=\"box-sizing: border-box; margin: 0px 0px 5px;\">;;</p><p style=\"box-sizing: border-box; margin: 0px 0px 5px;\"><strong style=\"box-sizing: border-box; font-weight: bold;\">Package Contents:</strong></p><p style=\"box-sizing: border-box; margin: 0px 0px 5px;\">1 X Bosch Car Impact Red Horn 188 (Set Of 2)</p></span></div></div><div class=\"content-bottom\" style=\"box-sizing: border-box; color: rgb(64, 66, 71); font-family: &quot;Roboto Condensed&quot;, sans-serif; font-size: 12px; font-style: normal; font-variant-ligatures: normal; font-variant-caps: normal; font-weight: normal; letter-spacing: normal; orphans: 2; text-align: start; text-indent: 0px; text-transform: none; white-space: normal; widows: 2; word-spacing: 0px; -webkit-text-stroke-width: 0px; background-color: rgb(255, 255, 255); text-decoration-style: initial; text-decoration-color: initial;\"><div class=\"box\" style=\"box-sizing: border-box; margin-bottom: 20px;\"><br class=\"Apple-interchange-newline\"></div></div>', 'hell1.jpg', 'hell2.jpg', 'hell3.jpg', 100, 'In Stock', '2017-09-05 17:26:29', ''),
(47, 9, 24, 'Blaupunkt Car 330 Watts 2 Channel Amplifier-EMA 255', 'Blaupunkt ', 3500, 4500, '<div class=\"tabs-group\" style=\"box-sizing: border-box; color: rgb(64, 66, 71); font-family: &quot;Roboto Condensed&quot;, sans-serif; font-size: 12px; font-style: normal; font-variant-ligatures: normal; font-variant-caps: normal; font-weight: normal; letter-spacing: normal; orphans: 2; text-align: start; text-indent: 0px; text-transform: none; white-space: normal; widows: 2; word-spacing: 0px; -webkit-text-stroke-width: 0px; background-color: rgb(255, 255, 255); text-decoration-style: initial; text-decoration-color: initial;\"><div id=\"tab-description\" class=\"tab-content\" style=\"box-sizing: border-box; overflow: auto; display: block;\"><span itemprop=\"description\" style=\"box-sizing: border-box;\"><p style=\"box-sizing: border-box; margin: 0px 0px 5px;\">Add power and clarity to the sound system of your car by installing amplifier in your current car music system.This amplifier comes with connection nodes on its sides that make it easier to connect with the stereo system. Thus, you get full bass with absolute clarity. Having an efficient cooling design, this amplifier does not get heat up on continuous use.</p><p style=\"box-sizing: border-box; margin: 0px 0px 5px;\">Features:</p><p style=\"box-sizing: border-box; margin: 0px 0px 5px;\">Number of channels: 4/3/2</p><p style=\"box-sizing: border-box; margin: 0px 0px 5px;\">Max. Total Power: 600 watts(2 channel mode)</p><p style=\"box-sizing: border-box; margin: 0px 0px 5px;\">RMS Power 4 ohms : 4 x 55 watts, 2 x 165 watts</p><p style=\"box-sizing: border-box; margin: 0px 0px 5px;\">RMS Power 2 ohms : 4 x 80 watts</p><p style=\"box-sizing: border-box; margin: 0px 0px 5px;\">Max.power 4 ohms 4 x 110 watts, 2 x 320 watts, 4 x 160 watts</p><p style=\"box-sizing: border-box; margin: 0px 0px 5px;\">Frequency Range: 10 30,000 Hz (-3 db)</p><p style=\"box-sizing: border-box; margin: 0px 0px 5px;\">Stability: 2 ohms</p><p style=\"box-sizing: border-box; margin: 0px 0px 5px;\">Signal/noise ratio : &gt;85dB/A@RMS Power(4 ohms)</p><p style=\"box-sizing: border-box; margin: 0px 0px 5px;\">Gain adjust: 0.2 10V</p><p style=\"box-sizing: border-box; margin: 0px 0px 5px;\">Low pass filter: 0/6/12dB@ 45Hz steps</p><p style=\"box-sizing: border-box; margin: 0px 0px 5px;\">Dimensions WxHxD: 426 x 52 x 197mm (16.8 x 2.1 x 7.5 Inches)</p><p style=\"box-sizing: border-box; margin: 0px 0px 5px;\">Package Contents:</p><p style=\"box-sizing: border-box; margin: 0px 0px 5px;\">1 X Blaupunkt Car 330 Watts 2 Channel Amplifier-EMA 255</p></span></div></div><div class=\"content-bottom\" style=\"box-sizing: border-box; color: rgb(64, 66, 71); font-family: &quot;Roboto Condensed&quot;, sans-serif; font-size: 12px; font-style: normal; font-variant-ligatures: normal; font-variant-caps: normal; font-weight: normal; letter-spacing: normal; orphans: 2; text-align: start; text-indent: 0px; text-transform: none; white-space: normal; widows: 2; word-spacing: 0px; -webkit-text-stroke-width: 0px; background-color: rgb(255, 255, 255); text-decoration-style: initial; text-decoration-color: initial;\"><div class=\"box\" style=\"box-sizing: border-box; margin-bottom: 20px;\"><br class=\"Apple-interchange-newline\"></div></div>', 'a1.jpg', 'a2.jpg', 'a3.jpg', 100, 'In Stock', '2017-09-05 17:39:26', ''),
(48, 9, 25, 'JVC - CS G1200 - 30cm Subwoofer Unit', 'JVC', 3200, 4000, '<p style=\"box-sizing: border-box; margin: 0px 0px 5px; color: rgb(64, 66, 71); font-family: &quot;Roboto Condensed&quot;, sans-serif; font-size: 12px; font-style: normal; font-variant-ligatures: normal; font-variant-caps: normal; font-weight: normal; letter-spacing: normal; orphans: 2; text-align: start; text-indent: 0px; text-transform: none; white-space: normal; widows: 2; word-spacing: 0px; -webkit-text-stroke-width: 0px; background-color: rgb(255, 255, 255); text-decoration-style: initial; text-decoration-color: initial;\">Bring the bass to your car with the JVC CS-G1200 Subwoofer Unit. The 30cm subwoofer packs in a ton of features to give you an exquisite sonic experience.</p><p style=\"box-sizing: border-box; margin: 0px 0px 5px; color: rgb(64, 66, 71); font-family: &quot;Roboto Condensed&quot;, sans-serif; font-size: 12px; font-style: normal; font-variant-ligatures: normal; font-variant-caps: normal; font-weight: normal; letter-spacing: normal; orphans: 2; text-align: start; text-indent: 0px; text-transform: none; white-space: normal; widows: 2; word-spacing: 0px; -webkit-text-stroke-width: 0px; background-color: rgb(255, 255, 255); text-decoration-style: initial; text-decoration-color: initial;\">The JVC CS-G1200 Dual Voice Coil Subwoofer has a Sputtering Olefin Diaphragm coupled with the High Density Foam Surround which provides you exquisite sound. The Stamped Steel Frame provides rigidity to the subwoofer. The Super Heat Resistant ABS Gasket allows you to drive the subwoofer to the max, without any adverse effects of overheating. The core of the JVC CS-G1200 Subwoofer Unit contains a huge 1106g Strontium magnet to drive deliver powerful bass. The subwoofer has a frequency range of 20Hz to 2500Hz, covering the lower end of the sonic spectrum. It can create a Sound Pressure Level of 87.5dB/W.m. For ease of connectivity, the JVC CS-G1200 Dual Voice Coil Subwoofer contains Silver Plated 8AWG Ready Terminals.</p><p style=\"box-sizing: border-box; margin: 0px 0px 5px; color: rgb(64, 66, 71); font-family: &quot;Roboto Condensed&quot;, sans-serif; font-size: 12px; font-style: normal; font-variant-ligatures: normal; font-variant-caps: normal; font-weight: normal; letter-spacing: normal; orphans: 2; text-align: start; text-indent: 0px; text-transform: none; white-space: normal; widows: 2; word-spacing: 0px; -webkit-text-stroke-width: 0px; background-color: rgb(255, 255, 255); text-decoration-style: initial; text-decoration-color: initial;\">The JVC CS-G1200 Dual Voice Coil Subwoofer comes with 1 year warranty to ensure complete peace of mind.</p><br class=\"Apple-interchange-newline\">', 'jv.jpg', 'jv1.jpg', 'jv3.jpg', 100, 'Out of Stock', '2017-09-05 17:42:54', '');
INSERT INTO `products` (`id`, `category`, `subCategory`, `productName`, `productCompany`, `productPrice`, `productPriceBeforeDiscount`, `productDescription`, `productImage1`, `productImage2`, `productImage3`, `shippingCharge`, `productAvailability`, `postingDate`, `updationDate`) VALUES
(49, 9, 26, 'Rungrace 8 Inch Android6.0 Car DVD Player Support HD1080p Mirror Link TPMS ADA GPS for Skoda Octavia', 'Rungrace ', 13500, 15000, '<div class=\"widget prod-description-specifications\" id=\"prod-description-specifications\" style=\"margin: 0px; padding: 0px 0px 29px; outline: 0px !important; border-bottom: 2px solid rgb(153, 153, 153); text-align: center; color: rgb(51, 51, 51); font-family: Helvetica, Arial, sans-serif; font-size: 12px; font-style: normal; font-variant-ligatures: normal; font-variant-caps: normal; font-weight: normal; letter-spacing: normal; orphans: 2; text-indent: 0px; text-transform: none; white-space: normal; widows: 2; word-spacing: 0px; -webkit-text-stroke-width: 0px; background-color: rgb(255, 255, 255); text-decoration-style: initial; text-decoration-color: initial;\"><div class=\"specTitle\" style=\"margin: 0px; padding: 0px; outline: 0px !important; border-bottom: 1px solid rgb(221, 221, 221);\"><table class=\"table table-condensed mini-text ctr-info ctr-track-a\" style=\"max-width: 100%; background-color: transparent; border-collapse: collapse; border-spacing: 0px; margin: 0px; padding: 0px; width: 730px; color: rgb(51, 51, 51); font-size: 12px; line-height: 18px;\"><tbody><tr class=\"head-line\" style=\"background-color: rgb(247, 247, 247);\"><th colspan=\"2\" style=\"margin: 0px; padding: 4px 0px; font-style: normal; font-weight: bold; text-align: left; line-height: 21px; vertical-align: top; border-top: 1px solid rgb(221, 221, 221); width: 270px;\"><strong style=\"margin: 0px; padding: 0px; font-weight: bold;\">General</strong></th></tr><tr><th style=\"margin: 0px; padding: 4px 0px; font-style: normal; font-weight: bold; text-align: left; line-height: 21px; vertical-align: top; border-top: 1px solid rgb(221, 221, 221); width: 270px;\">ROM</th><td class=\"inline\" style=\"margin: 0px; padding: 4px 0px; line-height: 21px; text-align: left; vertical-align: top; border-top: 1px solid rgb(233, 233, 233); font-weight: normal;\"><a href=\"http://www.lightinthebox.com/narrow/16gb_v263106t0/car-dvd-players_c801?prm=1.3.68.0#ajax_narrow_search_list\" class=\"narrow-url  ctr-track-show\" target=\"_blank\" style=\"text-decoration: underline; color: rgb(51, 51, 51);\">16GB</a></td></tr><tr><th style=\"margin: 0px; padding: 4px 0px; font-style: normal; font-weight: bold; text-align: left; line-height: 21px; vertical-align: top; border-top: 1px solid rgb(221, 221, 221); width: 270px;\">Function</th><td class=\"inline\" style=\"margin: 0px; padding: 4px 0px; line-height: 21px; text-align: left; vertical-align: top; border-top: 1px solid rgb(233, 233, 233); font-weight: normal;\"><a href=\"http://www.lightinthebox.com/narrow/other_v49576t0/car-dvd-players_c801?prm=1.3.68.0#ajax_narrow_search_list\" class=\"narrow-url  ctr-track-show\" target=\"_blank\" style=\"text-decoration: underline; color: rgb(51, 51, 51);\">Other</a></td></tr><tr><th style=\"margin: 0px; padding: 4px 0px; font-style: normal; font-weight: bold; text-align: left; line-height: 21px; vertical-align: top; border-top: 1px solid rgb(221, 221, 221); width: 270px;\">Shipping Weight(kg)</th><td class=\"inline\" style=\"margin: 0px; padding: 4px 0px; line-height: 21px; text-align: left; vertical-align: top; border-top: 1px solid rgb(233, 233, 233); font-weight: normal;\"><a href=\"http://www.lightinthebox.com/narrow/_v261697t0/car-dvd-players_c801?prm=1.3.68.0#ajax_narrow_search_list\" class=\"narrow-url  ctr-track-show\" target=\"_blank\" style=\"text-decoration: underline; color: rgb(51, 51, 51);\">5.0</a></td></tr><tr><th style=\"margin: 0px; padding: 4px 0px; font-style: normal; font-weight: bold; text-align: left; line-height: 21px; vertical-align: top; border-top: 1px solid rgb(221, 221, 221); width: 270px;\">RAM</th><td class=\"inline\" style=\"margin: 0px; padding: 4px 0px; line-height: 21px; text-align: left; vertical-align: top; border-top: 1px solid rgb(233, 233, 233); font-weight: normal;\"><a href=\"http://www.lightinthebox.com/narrow/1gb_v151175t0/car-dvd-players_c801?prm=1.3.68.0#ajax_narrow_search_list\" class=\"narrow-url  ctr-track-show\" target=\"_blank\" style=\"text-decoration: underline; color: rgb(51, 51, 51);\">1GB</a></td></tr><tr><th style=\"margin: 0px; padding: 4px 0px; font-style: normal; font-weight: bold; text-align: left; line-height: 21px; vertical-align: top; border-top: 1px solid rgb(221, 221, 221); width: 270px;\">DIN</th><td class=\"inline\" style=\"margin: 0px; padding: 4px 0px; line-height: 21px; text-align: left; vertical-align: top; border-top: 1px solid rgb(233, 233, 233); font-weight: normal;\"><a href=\"http://www.lightinthebox.com/narrow/2-din_v268953t0/car-dvd-players_c801?prm=1.3.68.0#ajax_narrow_search_list\" class=\"narrow-url  ctr-track-show\" target=\"_blank\" style=\"text-decoration: underline; color: rgb(51, 51, 51);\">2 DIN</a></td></tr><tr><th style=\"margin: 0px; padding: 4px 0px; font-style: normal; font-weight: bold; text-align: left; line-height: 21px; vertical-align: top; border-top: 1px solid rgb(221, 221, 221); width: 270px;\">Listing Date</th><td class=\"inline\" style=\"margin: 0px; padding: 4px 0px; line-height: 21px; text-align: left; vertical-align: top; border-top: 1px solid rgb(233, 233, 233); font-weight: normal;\"><a href=\"http://www.lightinthebox.com/narrow/_v265232t0/car-dvd-players_c801?prm=1.3.68.0#ajax_narrow_search_list\" class=\"narrow-url  ctr-track-show\" target=\"_blank\" style=\"text-decoration: underline; color: rgb(51, 51, 51);\">07/06/2017</a></td></tr><tr class=\"head-line\" style=\"background-color: rgb(247, 247, 247);\"><th colspan=\"2\" style=\"margin: 0px; padding: 4px 0px; font-style: normal; font-weight: bold; text-align: left; line-height: 21px; vertical-align: top; border-top: 1px solid rgb(221, 221, 221); width: 270px;\"><strong style=\"margin: 0px; padding: 0px; font-weight: bold;\">System</strong></th></tr><tr><th style=\"margin: 0px; padding: 4px 0px; font-style: normal; font-weight: bold; text-align: left; line-height: 21px; vertical-align: top; border-top: 1px solid rgb(221, 221, 221); width: 270px;\">External Memory</th><td class=\"inline\" style=\"margin: 0px; padding: 4px 0px; line-height: 21px; text-align: left; vertical-align: top; border-top: 1px solid rgb(233, 233, 233); font-weight: normal;\"><a href=\"http://www.lightinthebox.com/narrow/up-to-64gb-sd-card_v76766t0/car-dvd-players_c801?prm=1.3.68.0#ajax_narrow_search_list\" class=\"narrow-url  ctr-track-show\" target=\"_blank\" style=\"text-decoration: underline; color: rgb(51, 51, 51);\">Up to 64GB/SD Card</a></td></tr><tr><th style=\"margin: 0px; padding: 4px 0px; font-style: normal; font-weight: bold; text-align: left; line-height: 21px; vertical-align: top; border-top: 1px solid rgb(221, 221, 221); width: 270px;\">Screen Size</th><td class=\"inline\" style=\"margin: 0px; padding: 4px 0px; line-height: 21px; text-align: left; vertical-align: top; border-top: 1px solid rgb(233, 233, 233); font-weight: normal;\"><a href=\"http://www.lightinthebox.com/narrow/8-inch_v76801t0/car-dvd-players_c801?prm=1.3.68.0#ajax_narrow_search_list\" class=\"narrow-url  ctr-track-show\" target=\"_blank\" style=\"text-decoration: underline; color: rgb(51, 51, 51);\">8 inch</a></td></tr><tr><th style=\"margin: 0px; padding: 4px 0px; font-style: normal; font-weight: bold; text-align: left; line-height: 21px; vertical-align: top; border-top: 1px solid rgb(221, 221, 221); width: 270px;\">Screen Resolution</th><td class=\"inline\" style=\"margin: 0px; padding: 4px 0px; line-height: 21px; text-align: left; vertical-align: top; border-top: 1px solid rgb(233, 233, 233); font-weight: normal;\"><a href=\"http://www.lightinthebox.com/narrow/hd-1080p_v269374t0/car-dvd-players_c801?prm=1.3.68.0#ajax_narrow_search_list\" class=\"narrow-url  ctr-track-show\" target=\"_blank\" style=\"text-decoration: underline; color: rgb(51, 51, 51);\">HD 1080P</a></td></tr><tr><th style=\"margin: 0px; padding: 4px 0px; font-style: normal; font-weight: bold; text-align: left; line-height: 21px; vertical-align: top; border-top: 1px solid rgb(221, 221, 221); width: 270px;\">Languages</th><td class=\"inline\" style=\"margin: 0px; padding: 4px 0px; line-height: 21px; text-align: left; vertical-align: top; border-top: 1px solid rgb(233, 233, 233); font-weight: normal;\"><a href=\"http://www.lightinthebox.com/narrow/hindi_v259688t0/car-dvd-players_c801?prm=1.3.68.0#ajax_narrow_search_list\" class=\"narrow-url  ctr-track-show\" target=\"_blank\" style=\"text-decoration: underline; color: rgb(51, 51, 51);\">Hindi</a><i style=\"margin: 0px; padding: 0px; font-style: normal;\">,</i><span>&nbsp;</span><a href=\"http://www.lightinthebox.com/narrow/japanese_v16644t0/car-dvd-players_c801?prm=1.3.68.0#ajax_narrow_search_list\" class=\"narrow-url  ctr-track-show\" target=\"_blank\" style=\"text-decoration: underline; color: rgb(51, 51, 51);\">Japanese</a><i style=\"margin: 0px; padding: 0px; font-style: normal;\">,</i><span>&nbsp;</span><a href=\"http://www.lightinthebox.com/narrow/dutch_v259664t0/car-dvd-players_c801?prm=1.3.68.0#ajax_narrow_search_list\" class=\"narrow-url  ctr-track-show\" target=\"_blank\" style=\"text-decoration: underline; color: rgb(51, 51, 51);\">Dutch</a><i style=\"margin: 0px; padding: 0px; font-style: normal;\">,</i><span>&nbsp;</span><a href=\"http://www.lightinthebox.com/narrow/hebrew_v259687t0/car-dvd-players_c801?prm=1.3.68.0#ajax_narrow_search_list\" class=\"narrow-url  ctr-track-show\" target=\"_blank\" style=\"text-decoration: underline; color: rgb(51, 51, 51);\">Hebrew</a><i style=\"margin: 0px; padding: 0px; font-style: normal;\">,</i><span>&nbsp;</span><a href=\"http://www.lightinthebox.com/narrow/russian_v16643t0/car-dvd-players_c801?prm=1.3.68.0#ajax_narrow_search_list\" class=\"narrow-url  ctr-track-show\" target=\"_blank\" style=\"text-decoration: underline; color: rgb(51, 51, 51);\">Russian</a><i style=\"margin: 0px; padding: 0px; font-style: normal;\">,</i><span>&nbsp;</span><a href=\"http://www.lightinthebox.com/narrow/multi-language_v259710t0/car-dvd-players_c801?prm=1.3.68.0#ajax_narrow_search_list\" class=\"narrow-url  ctr-track-show\" target=\"_blank\" style=\"text-decoration: underline; color: rgb(51, 51, 51);\">Multi-language</a><i style=\"margin: 0px; padding: 0px; font-style: normal;\">,</i><span>&nbsp;</span><a href=\"http://www.lightinthebox.com/narrow/korean_v85159t0/car-dvd-players_c801?prm=1.3.68.0#ajax_narrow_search_list\" class=\"narrow-url  ctr-track-show\" target=\"_blank\" style=\"text-decoration: underline; color: rgb(51, 51, 51);\">Korean</a><i style=\"margin: 0px; padding: 0px; font-style: normal;\">,</i><span>&nbsp;</span><a href=\"http://www.lightinthebox.com/narrow/vietnamese_v259682t0/car-dvd-players_c801?prm=1.3.68.0#ajax_narrow_search_list\" class=\"narrow-url  ctr-track-show\" target=\"_blank\" style=\"text-decoration: underline; color: rgb(51, 51, 51);\">Vietnamese</a><i style=\"margin: 0px; padding: 0px; font-style: normal;\">,</i><a href=\"http://www.lightinthebox.com/narrow/spanish_v16642t0/car-dvd-players_c801?prm=1.3.68.0#ajax_narrow_search_list\" class=\"narrow-url  ctr-track-show\" target=\"_blank\" style=\"text-decoration: underline; color: rgb(51, 51, 51);\">Spanish</a><i style=\"margin: 0px; padding: 0px; font-style: normal;\">,</i><span>&nbsp;</span><a href=\"http://www.lightinthebox.com/narrow/netherland_v259709t0/car-dvd-players_c801?prm=1.3.68.0#ajax_narrow_search_list\" class=\"narrow-url  ctr-track-show\" target=\"_blank\" style=\"text-decoration: underline; color: rgb(51, 51, 51);\">Netherland</a><i style=\"margin: 0px; padding: 0px; font-style: normal;\">,</i><span>&nbsp;</span><a href=\"http://www.lightinthebox.com/narrow/italian_v85158t0/car-dvd-players_c801?prm=1.3.68.0#ajax_narrow_search_list\" class=\"narrow-url  ctr-track-show\" target=\"_blank\" style=\"text-decoration: underline; color: rgb(51, 51, 51);\">Italian</a><i style=\"margin: 0px; padding: 0px; font-style: normal;\">,</i><span>&nbsp;</span><a href=\"http://www.lightinthebox.com/narrow/turkish_v259681t0/car-dvd-players_c801?prm=1.3.68.0#ajax_narrow_search_list\" class=\"narrow-url  ctr-track-show\" target=\"_blank\" style=\"text-decoration: underline; color: rgb(51, 51, 51);\">Turkish</a><i style=\"margin: 0px; padding: 0px; font-style: normal;\">,</i><span>&nbsp;</span><a href=\"http://www.lightinthebox.com/narrow/german_v16641t0/car-dvd-players_c801?prm=1.3.68.0#ajax_narrow_search_list\" class=\"narrow-url  ctr-track-show\" target=\"_blank\" style=\"text-decoration: underline; color: rgb(51, 51, 51);\">German</a><i style=\"margin: 0px; padding: 0px; font-style: normal;\">,</i><span>&nbsp;</span><a href=\"http://www.lightinthebox.com/narrow/belgian_v259699t0/car-dvd-players_c801?prm=1.3.68.0#ajax_narrow_search_list\" class=\"narrow-url  ctr-track-show\" target=\"_blank\" style=\"text-decoration: underline; color: rgb(51, 51, 51);\">Belgian</a><i style=\"margin: 0px; padding: 0px; font-style: normal;\">,</i><span>&nbsp;</span><a href=\"http://www.lightinthebox.com/narrow/portuguese_v16647t0/car-dvd-players_c801?prm=1.3.68.0#ajax_narrow_search_list\" class=\"narrow-url  ctr-track-show\" target=\"_blank\" style=\"text-decoration: underline; color: rgb(51, 51, 51);\">Portuguese</a><i style=\"margin: 0px; padding: 0px; font-style: normal;\">,</i><span>&nbsp;</span><a href=\"http://www.lightinthebox.com/narrow/greek_v259674t0/car-dvd-players_c801?prm=1.3.68.0#ajax_narrow_search_list\" class=\"narrow-url  ctr-track-show\" target=\"_blank\" style=\"text-decoration: underline; color: rgb(51, 51, 51);\">Greek</a><i style=\"margin: 0px; padding: 0px; font-style: normal;\">,</i><span>&nbsp;</span><a href=\"http://www.lightinthebox.com/narrow/french_v16640t0/car-dvd-players_c801?prm=1.3.68.0#ajax_narrow_search_list\" class=\"narrow-url  ctr-track-show\" target=\"_blank\" style=\"text-decoration: underline; color: rgb(51, 51, 51);\">French</a><i style=\"margin: 0px; padding: 0px; font-style: normal;\">,</i><a href=\"http://www.lightinthebox.com/narrow/malay_v259691t0/car-dvd-players_c801?prm=1.3.68.0#ajax_narrow_search_list\" class=\"narrow-url  ctr-track-show\" target=\"_blank\" style=\"text-decoration: underline; color: rgb(51, 51, 51);\">Malay</a><i style=\"margin: 0px; padding: 0px; font-style: normal;\">,</i><span>&nbsp;</span><a href=\"http://www.lightinthebox.com/narrow/traditional-chinese_v16646t0/car-dvd-players_c801?prm=1.3.68.0#ajax_narrow_search_list\" class=\"narrow-url  ctr-track-show\" target=\"_blank\" style=\"text-decoration: underline; color: rgb(51, 51, 51);\">Traditional Chinese</a><i style=\"margin: 0px; padding: 0px; font-style: normal;\">,</i><span>&nbsp;</span><a href=\"http://www.lightinthebox.com/narrow/chinese_v259670t0/car-dvd-players_c801?prm=1.3.68.0#ajax_narrow_search_list\" class=\"narrow-url  ctr-track-show\" target=\"_blank\" style=\"text-decoration: underline; color: rgb(51, 51, 51);\">Chinese</a><i style=\"margin: 0px; padding: 0px; font-style: normal;\">,</i><span>&nbsp;</span><a href=\"http://www.lightinthebox.com/narrow/english_v16639t0/car-dvd-players_c801?prm=1.3.68.0#ajax_narrow_search_list\" class=\"narrow-url  ctr-track-show\" target=\"_blank\" style=\"text-decoration: underline; color: rgb(51, 51, 51);\">English</a><i style=\"margin: 0px; padding: 0px; font-style: normal;\">,</i><span>&nbsp;</span><a href=\"http://www.lightinthebox.com/narrow/indonesian_v259689t0/car-dvd-players_c801?prm=1.3.68.0#ajax_narrow_search_list\" class=\"narrow-url  ctr-track-show\" target=\"_blank\" style=\"text-decoration: underline; color: rgb(51, 51, 51);\">Indonesian</a><i style=\"margin: 0px; padding: 0px; font-style: normal;\">,</i><span>&nbsp;</span><a href=\"http://www.lightinthebox.com/narrow/simplified-chinese_v16645t0/car-dvd-players_c801?prm=1.3.68.0#ajax_narrow_search_list\" class=\"narrow-url  ctr-track-show\" target=\"_blank\" style=\"text-decoration: underline; color: rgb(51, 51, 51);\">Simplified Chinese</a><i style=\"margin: 0px; padding: 0px; font-style: normal;\">,</i><span>&nbsp;</span><a href=\"http://www.lightinthebox.com/narrow/arabic_v259669t0/car-dvd-players_c801?prm=1.3.68.0#ajax_narrow_search_list\" class=\"narrow-url  ctr-track-show\" target=\"_blank\" style=\"text-decoration: underline; color: rgb(51, 51, 51);\">Arabic</a></td></tr><tr><th style=\"margin: 0px; padding: 4px 0px; font-style: normal; font-weight: bold; text-align: left; line-height: 21px; vertical-align: top; border-top: 1px solid rgb(221, 221, 221); width: 270px;\">Features</th><td class=\"inline\" style=\"margin: 0px; padding: 4px 0px; line-height: 21px; text-align: left; vertical-align: top; border-top: 1px solid rgb(233, 233, 233); font-weight: normal;\"><a href=\"http://www.lightinthebox.com/narrow/plug-and-play_v89570t0/car-dvd-players_c801?prm=1.3.68.0#ajax_narrow_search_list\" class=\"narrow-url  ctr-track-show\" target=\"_blank\" style=\"text-decoration: underline; color: rgb(51, 51, 51);\">Plug and play</a><i style=\"margin: 0px; padding: 0px; font-style: normal;\">,</i><span>&nbsp;</span><a href=\"http://www.lightinthebox.com/narrow/multi-function_v185986t0/car-dvd-players_c801?prm=1.3.68.0#ajax_narrow_search_list\" class=\"narrow-url  ctr-track-show\" target=\"_blank\" style=\"text-decoration: underline; color: rgb(51, 51, 51);\">Multi Function</a><i style=\"margin: 0px; padding: 0px; font-style: normal;\">,</i><span>&nbsp;</span><a href=\"http://www.lightinthebox.com/narrow/built-in-microphone_v55842t0/car-dvd-players_c801?prm=1.3.68.0#ajax_narrow_search_list\" class=\"narrow-url  ctr-track-show\" target=\"_blank\" style=\"text-decoration: underline; color: rgb(51, 51, 51);\">Built-in Microphone</a><i style=\"margin: 0px; padding: 0px; font-style: normal;\">,</i><span>&nbsp;</span><a href=\"http://www.lightinthebox.com/narrow/radio_v248515t0/car-dvd-players_c801?prm=1.3.68.0#ajax_narrow_search_list\" class=\"narrow-url  ctr-track-show\" target=\"_blank\" style=\"text-decoration: underline; color: rgb(51, 51, 51);\">Radio</a><i style=\"margin: 0px; padding: 0px; font-style: normal;\">,</i><span>&nbsp;</span><a href=\"http://www.lightinthebox.com/narrow/canbus_v78066t0/car-dvd-players_c801?prm=1.3.68.0#ajax_narrow_search_list\" class=\"narrow-url  ctr-track-show\" target=\"_blank\" style=\"text-decoration: underline; color: rgb(51, 51, 51);\">CANBUS</a><i style=\"margin: 0px; padding: 0px; font-style: normal;\">,</i><span>&nbsp;</span><a href=\"http://www.lightinthebox.com/narrow/non-toxic_v181675t0/car-dvd-players_c801?prm=1.3.68.0#ajax_narrow_search_list\" class=\"narrow-url  ctr-track-show\" target=\"_blank\" style=\"text-decoration: underline; color: rgb(51, 51, 51);\">Non Toxic</a><i style=\"margin: 0px; padding: 0px; font-style: normal;\">,</i><a href=\"http://www.lightinthebox.com/narrow/sounds_v51007t0/car-dvd-players_c801?prm=1.3.68.0#ajax_narrow_search_list\" class=\"narrow-url  ctr-track-show\" target=\"_blank\" style=\"text-decoration: underline; color: rgb(51, 51, 51);\">Sounds</a><i style=\"margin: 0px; padding: 0px; font-style: normal;\">,</i><span>&nbsp;</span><a href=\"http://www.lightinthebox.com/narrow/hot-sale_v230642t0/car-dvd-players_c801?prm=1.3.68.0#ajax_narrow_search_list\" class=\"narrow-url  ctr-track-show\" target=\"_blank\" style=\"text-decoration: underline; color: rgb(51, 51, 51);\">Hot Sale</a><i style=\"margin: 0px; padding: 0px; font-style: normal;\">,</i><span>&nbsp;</span><a href=\"http://www.lightinthebox.com/narrow/multi-type_v77465t0/car-dvd-players_c801?prm=1.3.68.0#ajax_narrow_search_list\" class=\"narrow-url  ctr-track-show\" target=\"_blank\" style=\"text-decoration: underline; color: rgb(51, 51, 51);\">Multi-Type</a><i style=\"margin: 0px; padding: 0px; font-style: normal;\">,</i><span>&nbsp;</span><a href=\"http://www.lightinthebox.com/narrow/multi-shade_v110286t0/car-dvd-players_c801?prm=1.3.68.0#ajax_narrow_search_list\" class=\"narrow-url  ctr-track-show\" target=\"_blank\" style=\"text-decoration: underline; color: rgb(51, 51, 51);\">Multi-shade</a><i style=\"margin: 0px; padding: 0px; font-style: normal;\">,</i><span>&nbsp;</span><a href=\"http://www.lightinthebox.com/narrow/mp3_v36912t0/car-dvd-players_c801?prm=1.3.68.0#ajax_narrow_search_list\" class=\"narrow-url  ctr-track-show\" target=\"_blank\" style=\"text-decoration: underline; color: rgb(51, 51, 51);\">MP3</a><i style=\"margin: 0px; padding: 0px; font-style: normal;\">,</i><span>&nbsp;</span><a href=\"http://www.lightinthebox.com/narrow/wifi_v209056t0/car-dvd-players_c801?prm=1.3.68.0#ajax_narrow_search_list\" class=\"narrow-url  ctr-track-show\" target=\"_blank\" style=\"text-decoration: underline; color: rgb(51, 51, 51);\">WIFI</a><i style=\"margin: 0px; padding: 0px; font-style: normal;\">,</i><span>&nbsp;</span><a href=\"http://www.lightinthebox.com/narrow/steering-wheel-control_v76779t0/car-dvd-players_c801?prm=1.3.68.0#ajax_narrow_search_list\" class=\"narrow-url  ctr-track-show\" target=\"_blank\" style=\"text-decoration: underline; color: rgb(51, 51, 51);\">Steering Wheel Control</a><i style=\"margin: 0px; padding: 0px; font-style: normal;\">,</i><a href=\"http://www.lightinthebox.com/narrow/touch-touchless_v108325t0/car-dvd-players_c801?prm=1.3.68.0#ajax_narrow_search_list\" class=\"narrow-url  ctr-track-show\" target=\"_blank\" style=\"text-decoration: underline; color: rgb(51, 51, 51);\">Touch/Touchless</a><i style=\"margin: 0px; padding: 0px; font-style: normal;\">,</i><span>&nbsp;</span><a href=\"http://www.lightinthebox.com/narrow/microphone_v36911t0/car-dvd-players_c801?prm=1.3.68.0#ajax_narrow_search_list\" class=\"narrow-url  ctr-track-show\" target=\"_blank\" style=\"text-decoration: underline; color: rgb(51, 51, 51);\">Microphone</a><i style=\"margin: 0px; padding: 0px; font-style: normal;\">,</i><span>&nbsp;</span><a href=\"http://www.lightinthebox.com/narrow/hd_v202762t0/car-dvd-players_c801?prm=1.3.68.0#ajax_narrow_search_list\" class=\"narrow-url  ctr-track-show\" target=\"_blank\" style=\"text-decoration: underline; color: rgb(51, 51, 51);\">HD</a><i style=\"margin: 0px; padding: 0px; font-style: normal;\">,</i><span>&nbsp;</span><a href=\"http://www.lightinthebox.com/narrow/built-in-bluetooth_v76774t0/car-dvd-players_c801?prm=1.3.68.0#ajax_narrow_search_list\" class=\"narrow-url  ctr-track-show\" target=\"_blank\" style=\"text-decoration: underline; color: rgb(51, 51, 51);\">Built-in Bluetooth</a><i style=\"margin: 0px; padding: 0px; font-style: normal;\">,</i><span>&nbsp;</span><a href=\"http://www.lightinthebox.com/narrow/multi-function_v106657t0/car-dvd-players_c801?prm=1.3.68.0#ajax_narrow_search_list\" class=\"narrow-url  ctr-track-show\" target=\"_blank\" style=\"text-decoration: underline; color: rgb(51, 51, 51);\">Multi-function</a><i style=\"margin: 0px; padding: 0px; font-style: normal;\">,</i><span>&nbsp;</span><a href=\"http://www.lightinthebox.com/narrow/all-in-1_v36909t0/car-dvd-players_c801?prm=1.3.68.0#ajax_narrow_search_list\" class=\"narrow-url  ctr-track-show\" target=\"_blank\" style=\"text-decoration: underline; color: rgb(51, 51, 51);\">All-in-1</a><i style=\"margin: 0px; padding: 0px; font-style: normal;\">,</i><span>&nbsp;</span><a href=\"http://www.lightinthebox.com/narrow/1080p_v188344t0/car-dvd-players_c801?prm=1.3.68.0#ajax_narrow_search_list\" class=\"narrow-url  ctr-track-show\" target=\"_blank\" style=\"text-decoration: underline; color: rgb(51, 51, 51);\">1080P</a><i style=\"margin: 0px; padding: 0px; font-style: normal;\">,</i><a href=\"http://www.lightinthebox.com/narrow/with-remote-control_v75159t0/car-dvd-players_c801?prm=1.3.68.0#ajax_narrow_search_list\" class=\"narrow-url  ctr-track-show\" target=\"_blank\" style=\"text-decoration: underline; color: rgb(51, 51, 51);\">with Remote Control</a><i style=\"margin: 0px; padding: 0px; font-style: normal;\">,</i><span>&nbsp;</span><a href=\"http://www.lightinthebox.com/narrow/1080p_v94339t0/car-dvd-players_c801?prm=1.3.68.0#ajax_narrow_search_list\" class=\"narrow-url  ctr-track-show\" target=\"_blank\" style=\"text-decoration: underline; color: rgb(51, 51, 51);\">1080p</a><i style=\"margin: 0px; padding: 0px; font-style: normal;\">,</i><span>&nbsp;</span><a href=\"http://www.lightinthebox.com/narrow/remote-control_v7247t0/car-dvd-players_c801?prm=1.3.68.0#ajax_narrow_search_list\" class=\"narrow-url  ctr-track-show\" target=\"_blank\" style=\"text-decoration: underline; color: rgb(51, 51, 51);\">Remote Control</a><i style=\"margin: 0px; padding: 0px; font-style: normal;\">,</i><span>&nbsp;</span><a href=\"http://www.lightinthebox.com/narrow/navigation_v185994t0/car-dvd-players_c801?prm=1.3.68.0#ajax_narrow_search_list\" class=\"narrow-url  ctr-track-show\" target=\"_blank\" style=\"text-decoration: underline; color: rgb(51, 51, 51);\">Navigation</a><i style=\"margin: 0px; padding: 0px; font-style: normal;\">,</i><span>&nbsp;</span><a href=\"http://www.lightinthebox.com/narrow/music_v62171t0/car-dvd-players_c801?prm=1.3.68.0#ajax_narrow_search_list\" class=\"narrow-url  ctr-track-show\" target=\"_blank\" style=\"text-decoration: underline; color: rgb(51, 51, 51);\">Music</a><i style=\"margin: 0px; padding: 0px; font-style: normal;\">,</i><span>&nbsp;</span><a href=\"http://www.lightinthebox.com/narrow/multifunction_v257865t0/car-dvd-players_c801?prm=1.3.68.0#ajax_narrow_search_list\" class=\"narrow-url  ctr-track-show\" target=\"_blank\" style=\"text-decoration: underline; color: rgb(51, 51, 51);\">Multifunction</a></td></tr><tr class=\"head-line\" style=\"background-color: rgb(247, 247, 247);\"><th colspan=\"2\" style=\"margin: 0px; padding: 4px 0px; font-style: normal; font-weight: bold; text-align: left; line-height: 21px; vertical-align: top; border-top: 1px solid rgb(221, 221, 221); width: 270px;\"><strong style=\"margin: 0px; padding: 0px; font-weight: bold;\">GPS</strong></th></tr><tr><th style=\"margin: 0px; padding: 4px 0px; font-style: normal; font-weight: bold; text-align: left; line-height: 21px; vertical-align: top; border-top: 1px solid rgb(221, 221, 221); width: 270px;\">GPS Processor</th><td class=\"inline\" style=\"margin: 0px; padding: 4px 0px; line-height: 21px; text-align: left; vertical-align: top; border-top: 1px solid rgb(233, 233, 233); font-weight: normal;\"><a href=\"http://www.lightinthebox.com/narrow/allwinner-r16_v263110t0/car-dvd-players_c801?prm=1.3.68.0#ajax_narrow_search_list\" class=\"narrow-url  ctr-track-show\" target=\"_blank\" style=\"text-decoration: underline; color: rgb(51, 51, 51);\">allwinner R16</a></td></tr><tr><th style=\"margin: 0px; padding: 4px 0px; font-style: normal; font-weight: bold; text-align: left; line-height: 21px; vertical-align: top; border-top: 1px solid rgb(221, 221, 221); width: 270px;\">GPS Card Slot</th><td class=\"inline\" style=\"margin: 0px; padding: 4px 0px; line-height: 21px; text-align: left; vertical-align: top; border-top: 1px solid rgb(233, 233, 233); font-weight: normal;\"><a href=\"http://www.lightinthebox.com/narrow/sd-card_v76910t0/car-dvd-players_c801?prm=1.3.68.0#ajax_narrow_search_list\" class=\"narrow-url red-empha ctr-track-show\" target=\"_blank\" style=\"text-decoration: underline; color: rgb(203, 32, 39); font-weight: bold;\">SD Card</a></td></tr><tr><th style=\"margin: 0px; padding: 4px 0px; font-style: normal; font-weight: bold; text-align: left; line-height: 21px; vertical-align: top; border-top: 1px solid rgb(221, 221, 221); width: 270px;\">Support Map</th><td class=\"inline\" style=\"margin: 0px; padding: 4px 0px; line-height: 21px; text-align: left; vertical-align: top; border-top: 1px solid rgb(233, 233, 233); font-weight: normal;\"><a href=\"http://www.lightinthebox.com/narrow/sygic_v76917t0/car-dvd-players_c801?prm=1.3.68.0#ajax_narrow_search_list\" class=\"narrow-url  ctr-track-show\" target=\"_blank\" style=\"text-decoration: underline; color: rgb(51, 51, 51);\">Sygic</a><i style=\"margin: 0px; padding: 0px; font-style: normal;\">,</i><span>&nbsp;</span><a href=\"http://www.lightinthebox.com/narrow/igo_v76913t0/car-dvd-players_c801?prm=1.3.68.0#ajax_narrow_search_list\" class=\"narrow-url  ctr-track-show\" target=\"_blank\" style=\"text-decoration: underline; color: rgb(51, 51, 51);\">IGO</a></td></tr><tr class=\"head-line\" style=\"background-color: rgb(247, 247, 247);\"><th colspan=\"2\" style=\"margin: 0px; padding: 4px 0px; font-style: normal; font-weight: bold; text-align: left; line-height: 21px; vertical-align: top; border-top: 1px solid rgb(221, 221, 221); width: 270px;\"><strong style=\"margin: 0px; padding: 0px; font-weight: bold;\">Vehicle Application</strong></th></tr><tr><th style=\"margin: 0px; padding: 4px 0px; font-style: normal; font-weight: bold; text-align: left; line-height: 21px; vertical-align: top; border-top: 1px solid rgb(221, 221, 221); width: 270px;\">Compatible Vehicle Brand</th><td class=\"inline\" style=\"margin: 0px; padding: 4px 0px; line-height: 21px; text-align: left; vertical-align: top; border-top: 1px solid rgb(233, 233, 233); font-weight: normal;\"><a href=\"http://www.lightinthebox.com/narrow/volkswagen_v87937t0/car-dvd-players_c801?prm=1.3.68.0#ajax_narrow_search_list\" class=\"narrow-url  ctr-track-show\" target=\"_blank\" style=\"text-decoration: underline; color: rgb(51, 51, 51);\">Volkswagen</a></td></tr><tr><th style=\"margin: 0px; padding: 4px 0px; font-style: normal; font-weight: bold; text-align: left; line-height: 21px; vertical-align: top; border-top: 1px solid rgb(221, 221, 221); width: 270px;\">Year</th><td class=\"inline\" style=\"margin: 0px; padding: 4px 0px; line-height: 21px; text-align: left; vertical-align: top; border-top: 1px solid rgb(233, 233, 233); font-weight: normal;\"><a href=\"http://www.lightinthebox.com/narrow/all-years_v149128t0/car-dvd-players_c801?prm=1.3.68.0#ajax_narrow_search_list\" class=\"narrow-url  ctr-track-show\" target=\"_blank\" style=\"text-decoration: underline; color: rgb(51, 51, 51);\">All years</a></td></tr><tr><th style=\"margin: 0px; padding: 4px 0px; font-style: normal; font-weight: bold; text-align: left; line-height: 21px; vertical-align: top; border-top: 1px solid rgb(221, 221, 221); width: 270px;\">System Voltage/Power</th><td class=\"inline\" style=\"margin: 0px; padding: 4px 0px; line-height: 21px; text-align: left; vertical-align: top; border-top: 1px solid rgb(233, 233, 233); font-weight: normal;\"><a href=\"http://www.lightinthebox.com/narrow/12v_v149221t0/car-dvd-players_c801?prm=1.3.68.0#ajax_narrow_search_list\" class=\"narrow-url  ctr-track-show\" target=\"_blank\" style=\"text-decoration: underline; color: rgb(51, 51, 51);\">12V</a></td></tr><tr><th style=\"margin: 0px; padding: 4px 0px; font-style: normal; font-weight: bold; text-align: left; line-height: 21px; vertical-align: top; border-top: 1px solid rgb(221, 221, 221); width: 270px;\">Operating System</th><td class=\"inline\" style=\"margin: 0px; padding: 4px 0px; line-height: 21px; text-align: left; vertical-align: top; border-top: 1px solid rgb(233, 233, 233); font-weight: normal;\"><a href=\"http://www.lightinthebox.com/narrow/android6-0_v261997t0/car-dvd-players_c801?prm=1.3.68.0#ajax_narrow_search_list\" class=\"narrow-url  ctr-track-show\" target=\"_blank\" style=\"text-decoration: underline; color: rgb(51, 51, 51);\">Android6.0</a></td></tr></tbody></table></div></div><div class=\"widget prod-description-gallery prod-description-gallery-padding-top\" style=\"margin: 0px; padding: 0px 0px 30px; outline: 0px !important; border-bottom: 0px solid rgb(153, 153, 153); color: rgb(51, 51, 51); font-family: Helvetica, Arial, sans-serif; font-size: 12px; font-style: normal; font-variant-ligatures: normal; font-variant-caps: normal; font-weight: normal; letter-spacing: normal; orphans: 2; text-align: start; text-indent: 0px; text-transform: none; white-space: normal; widows: 2; word-spacing: 0px; -webkit-text-stroke-width: 0px; background-color: rgb(255, 255, 255); text-decoration-style: initial; text-decoration-color: initial;\"><br class=\"Apple-interchange-newline\"></div>', 'cd1.jpg', 'cd2.jpg', 'cd3.jpg', 100, 'In Stock', '2017-09-05 17:50:16', '');

-- --------------------------------------------------------

--
-- Table structure for table `subcategory`
--

CREATE TABLE `subcategory` (
  `id` int(11) NOT NULL,
  `categoryid` int(11) NOT NULL,
  `subcategory` varchar(255) NOT NULL,
  `creationDate` timestamp NOT NULL DEFAULT CURRENT_TIMESTAMP,
  `updationDate` varchar(255) NOT NULL
) ENGINE=InnoDB DEFAULT CHARSET=latin1;

--
-- Dumping data for table `subcategory`
--

INSERT INTO `subcategory` (`id`, `categoryid`, `subcategory`, `creationDate`, `updationDate`) VALUES
(13, 7, 'Helmet', '2017-09-05 12:01:53', ''),
(14, 7, 'Action Camera', '2017-09-05 15:21:00', ''),
(15, 7, 'Face Mask', '2017-09-05 15:41:47', ''),
(16, 7, 'Gloves', '2017-09-05 15:46:44', ''),
(17, 7, 'Goggles ', '2017-09-05 15:59:55', ''),
(18, 7, 'Jacket', '2017-09-05 16:15:37', ''),
(19, 7, 'Shoes', '2017-09-05 16:24:59', ''),
(20, 8, ' Handle Grips', '2017-09-05 16:48:51', ''),
(21, 8, 'Headlights', '2017-09-05 17:04:46', ''),
(22, 8, 'Horn', '2017-09-05 17:21:34', ''),
(23, 8, 'Exhaust ', '2017-09-05 17:29:25', ''),
(24, 9, 'Amplifier', '2017-09-05 17:37:35', ''),
(25, 9, 'Subwoofer ', '2017-09-05 17:40:49', ''),
(26, 9, 'CD/DVD Players', '2017-09-05 17:47:43', '');

-- --------------------------------------------------------

--
-- Table structure for table `userlog`
--

CREATE TABLE `userlog` (
  `id` int(11) NOT NULL,
  `userEmail` varchar(255) NOT NULL,
  `userip` binary(16) NOT NULL,
  `loginTime` timestamp NOT NULL DEFAULT CURRENT_TIMESTAMP,
  `logout` varchar(255) NOT NULL,
  `status` int(11) NOT NULL
) ENGINE=InnoDB DEFAULT CHARSET=latin1;

--
-- Dumping data for table `userlog`
--

INSERT INTO `userlog` (`id`, `userEmail`, `userip`, `loginTime`, `logout`, `status`) VALUES
(24, 'kiran27051993@gmail.com', 0x3a3a3100000000000000000000000000, '2017-09-02 11:51:35', '02-09-2017 05:37:00 PM', 1),
(25, 'BABAYAGA@gmail.com', 0x3a3a3100000000000000000000000000, '2017-09-05 18:01:13', '05-09-2017 11:33:40 PM', 1),
(26, 'kiran.kudle@gmail.com', 0x3a3a3100000000000000000000000000, '2017-09-05 18:07:09', '', 0),
(27, 'kiran.kudle@gmail.com', 0x3a3a3100000000000000000000000000, '2017-09-05 18:08:09', '05-09-2017 11:38:16 PM', 1),
(28, 'kiran.kudle@gmail.com', 0x3a3a3100000000000000000000000000, '2017-09-05 18:08:56', '05-09-2017 11:38:59 PM', 1),
(29, 'BABAYAGA@gmail.com', 0x3a3a3100000000000000000000000000, '2017-09-05 18:12:47', '05-09-2017 11:43:29 PM', 1),
(30, 'kiran.kudle@gmail.com', 0x3a3a3100000000000000000000000000, '2017-09-05 18:13:49', '05-09-2017 11:47:09 PM', 1);

-- --------------------------------------------------------

--
-- Table structure for table `users`
--

CREATE TABLE `users` (
  `id` int(11) NOT NULL,
  `name` varchar(255) NOT NULL,
  `email` varchar(255) NOT NULL,
  `contactno` bigint(11) NOT NULL,
  `password` varchar(255) NOT NULL,
  `shippingAddress` longtext NOT NULL,
  `shippingState` varchar(255) NOT NULL,
  `shippingCity` varchar(255) NOT NULL,
  `shippingPincode` int(11) NOT NULL,
  `billingAddress` longtext NOT NULL,
  `billingState` varchar(255) NOT NULL,
  `billingCity` varchar(255) NOT NULL,
  `billingPincode` int(11) NOT NULL,
  `regDate` timestamp NOT NULL DEFAULT CURRENT_TIMESTAMP,
  `updationDate` varchar(255) NOT NULL
) ENGINE=InnoDB DEFAULT CHARSET=latin1;

--
-- Dumping data for table `users`
--

INSERT INTO `users` (`id`, `name`, `email`, `contactno`, `password`, `shippingAddress`, `shippingState`, `shippingCity`, `shippingPincode`, `billingAddress`, `billingState`, `billingCity`, `billingPincode`, `regDate`, `updationDate`) VALUES
(3, 'kiran', 'kiran27051993@gmail.com', 9702839781, 'b1a5b64256e27fa5ae76d62b95209ab3', '', '', '', 0, '', '', '', 0, '2017-08-31 07:36:38', ''),
(4, 'BABA YAGA', 'BABAYAGA@gmail.com', 8652602341, '432d3e19c9fcec7489892249118485c9', '', '', '', 0, '', '', '', 0, '2017-09-05 18:00:50', ''),
(5, 'kiran kudale', 'kiran.kudle@gmail.com', 9702839781, '50c2472801ba5f5158b71047563521ef', '', '', '', 0, '', '', '', 0, '2017-09-05 18:07:54', '');

-- --------------------------------------------------------

--
-- Table structure for table `wishlist`
--

CREATE TABLE `wishlist` (
  `id` int(11) NOT NULL,
  `userId` int(11) NOT NULL,
  `productId` int(11) NOT NULL,
  `postingDate` timestamp NOT NULL DEFAULT CURRENT_TIMESTAMP
) ENGINE=InnoDB DEFAULT CHARSET=latin1;

--
-- Dumping data for table `wishlist`
--

INSERT INTO `wishlist` (`id`, `userId`, `productId`, `postingDate`) VALUES
(1, 1, 0, '2017-02-27 18:53:17');

--
-- Indexes for dumped tables
--

--
-- Indexes for table `admin`
--
ALTER TABLE `admin`
  ADD PRIMARY KEY (`id`);

--
-- Indexes for table `category`
--
ALTER TABLE `category`
  ADD PRIMARY KEY (`id`);

--
-- Indexes for table `orders`
--
ALTER TABLE `orders`
  ADD PRIMARY KEY (`id`);

--
-- Indexes for table `ordertrackhistory`
--
ALTER TABLE `ordertrackhistory`
  ADD PRIMARY KEY (`id`);

--
-- Indexes for table `productreviews`
--
ALTER TABLE `productreviews`
  ADD PRIMARY KEY (`id`);

--
-- Indexes for table `products`
--
ALTER TABLE `products`
  ADD PRIMARY KEY (`id`);

--
-- Indexes for table `subcategory`
--
ALTER TABLE `subcategory`
  ADD PRIMARY KEY (`id`);

--
-- Indexes for table `userlog`
--
ALTER TABLE `userlog`
  ADD PRIMARY KEY (`id`);

--
-- Indexes for table `users`
--
ALTER TABLE `users`
  ADD PRIMARY KEY (`id`);

--
-- Indexes for table `wishlist`
--
ALTER TABLE `wishlist`
  ADD PRIMARY KEY (`id`);

--
-- AUTO_INCREMENT for dumped tables
--

--
-- AUTO_INCREMENT for table `admin`
--
ALTER TABLE `admin`
  MODIFY `id` int(11) NOT NULL AUTO_INCREMENT, AUTO_INCREMENT=2;
--
-- AUTO_INCREMENT for table `category`
--
ALTER TABLE `category`
  MODIFY `id` int(11) NOT NULL AUTO_INCREMENT, AUTO_INCREMENT=10;
--
-- AUTO_INCREMENT for table `orders`
--
ALTER TABLE `orders`
  MODIFY `id` int(11) NOT NULL AUTO_INCREMENT, AUTO_INCREMENT=8;
--
-- AUTO_INCREMENT for table `ordertrackhistory`
--
ALTER TABLE `ordertrackhistory`
  MODIFY `id` int(11) NOT NULL AUTO_INCREMENT, AUTO_INCREMENT=5;
--
-- AUTO_INCREMENT for table `productreviews`
--
ALTER TABLE `productreviews`
  MODIFY `id` int(11) NOT NULL AUTO_INCREMENT, AUTO_INCREMENT=5;
--
-- AUTO_INCREMENT for table `products`
--
ALTER TABLE `products`
  MODIFY `id` int(11) NOT NULL AUTO_INCREMENT, AUTO_INCREMENT=52;
--
-- AUTO_INCREMENT for table `subcategory`
--
ALTER TABLE `subcategory`
  MODIFY `id` int(11) NOT NULL AUTO_INCREMENT, AUTO_INCREMENT=27;
--
-- AUTO_INCREMENT for table `userlog`
--
ALTER TABLE `userlog`
  MODIFY `id` int(11) NOT NULL AUTO_INCREMENT, AUTO_INCREMENT=31;
--
-- AUTO_INCREMENT for table `users`
--
ALTER TABLE `users`
  MODIFY `id` int(11) NOT NULL AUTO_INCREMENT, AUTO_INCREMENT=6;
--
-- AUTO_INCREMENT for table `wishlist`
--
ALTER TABLE `wishlist`
  MODIFY `id` int(11) NOT NULL AUTO_INCREMENT, AUTO_INCREMENT=2;COMMIT;

/*!40101 SET CHARACTER_SET_CLIENT=@OLD_CHARACTER_SET_CLIENT */;
/*!40101 SET CHARACTER_SET_RESULTS=@OLD_CHARACTER_SET_RESULTS */;
/*!40101 SET COLLATION_CONNECTION=@OLD_COLLATION_CONNECTION */;
